Old Ward Code,New ward code,Ward,% Households without central heating - 2001,Cavity walls that are uninsulated (2010),Lofts with less than 150mm insulation (2010),Indices of Deprivation 2010 Health Deprivation and Disability domain,SMR - 2010,Incapacity Benefit rate - 2010,% aged 60 or over - 2010,Pension Credit rate - 2010,JSA claimant rate - 2010,Income Support rate - 2010,% of children in poverty - 2009,% of households fuel poor (2009)
00AA,E09000001,City of London,4.6,69.4,73.8,-1.43,73.8,2.6,16.8,12.6,1.2,1.6,17.5,6.5
00ABFX,E05000026,Abbey,9.9,68.6,72.9,0.27,65.7,4.8,10.8,29.6,4.9,6.2,40.3,16.2
00ABFY,E05000027,Alibon,7.9,64.9,73.5,0.56,83.8,8.6,17.0,35.7,6.5,10.8,38.8,18.9
00ABFZ,E05000028,Becontree,11.7,58.4,73.3,0.46,111.2,7.5,13.2,40.0,5.9,7.8,37.9,17.3
00ABGA,E05000029,Chadwell Heath,14.7,69.4,66.3,0.46,88.5,7.6,24.5,27.4,5.5,8.8,39.0,16.8
00ABGB,E05000030,Eastbrook,6.4,71.1,69.9,0.25,121.7,5.4,20.3,25.5,4.9,5.2,26.0,14.6
00ABGC,E05000031,Eastbury,9.4,48.1,74.9,0.34,68.4,8.0,19.5,29.2,5.8,8.8,36.4,17.2
00ABGD,E05000032,Gascoigne,7.2,76.8,76.1,0.64,104.9,9.9,10.9,46.5,7.8,12.1,46.9,18.1
00ABGE,E05000033,Goresbrook,10.6,47.8,72.1,0.43,78.7,7.7,16.9,30.6,6.0,8.7,36.6,17.8
00ABGF,E05000034,Heath,8.1,69.1,74.5,0.60,139.4,8.9,18.4,38.5,6.8,11.2,41.8,17.7
00ABGG,E05000035,Longbridge,6.1,80.5,74.5,0.06,91.4,4.7,17.0,27.5,3.8,3.8,20.4,14.3
00ABGH,E05000036,Mayesbrook,7.4,15.3,72.4,0.63,61.8,9.1,20.9,29.7,5.9,10.2,39.1,18.4
00ABGJ,E05000037,Parsloes,9.4,58.2,73.5,0.59,74.3,10.4,18.8,32.5,5.8,10.8,35.9,18.4
00ABGK,E05000038,River,12.6,74.8,74.9,0.50,132.6,6.8,13.9,35.2,5.7,7.6,34.1,17.6
00ABGL,E05000039,Thames,7.9,63.9,71.4,0.55,100.1,7.9,12.6,36.7,6.9,9.8,40.2,16.1
00ABGM,E05000040,Valence,12.8,47.4,72.7,0.63,126.3,9.2,16.1,45.4,6.1,9.6,33.8,18.5
00ABGN,E05000041,Village,9.9,61.2,69.9,0.48,112.9,8.5,18.0,33.9,8.4,10.2,38.8,15.6
00ABGP,E05000042,Whalebone,10.9,78.8,70.7,0.11,85.6,4.9,16.9,24.5,4.0,4.8,30.3,15.0
00ACFX,E05000043,Brunswick Park,4.1,77.5,73.7,-1.26,72.6,5.1,22.5,16.0,3.0,4.4,19.6,14.1
00ACFY,E05000044,Burnt Oak,5.3,57.5,70.0,-0.37,164.9,8.3,13.0,45.3,5.0,8.9,39.5,14.3
00ACFZ,E05000045,Childs Hill,5.7,75.5,77.7,-0.67,103.4,4.9,18.6,19.8,3.6,4.9,24.7,12.0
00ACGA,E05000046,Colindale,5.2,63.8,69.3,-0.60,79.5,6.5,12.8,33.2,4.2,7.8,42.3,13.1
00ACGB,E05000047,Coppetts,6.4,61.8,72.7,-0.70,129.4,5.9,15.1,29.5,3.6,5.6,24.6,11.8
00ACGC,E05000048,East Barnet,6.1,63.4,72.9,-1.25,91.5,4.6,18.4,18.8,3.3,4.0,20.4,12.3
00ACGD,E05000049,East Finchley,5.4,69.4,74.2,-0.68,83.2,5.6,18.5,28.8,2.9,4.7,24.5,9.2
00ACGE,E05000050,Edgware,4.0,63.6,71.6,-1.01,79.6,5.0,18.8,20.6,2.9,5.1,25.0,14.3
00ACGF,E05000051,Finchley Church End,4.2,77.2,76.3,-1.15,85.1,3.0,21.2,14.1,2.7,2.4,11.6,10.3
00ACGG,E05000052,Garden Suburb,5.9,76.8,77.1,-1.70,64.0,1.7,21.2,10.7,1.5,1.4,6.8,9.4
00ACGH,E05000053,Golders Green,3.1,74.7,76.8,-0.71,115.7,4.8,15.3,24.9,2.8,4.3,19.5,11.8
00ACGJ,E05000054,Hale,4.0,65.6,72.0,-1.11,75.9,5.5,19.0,23.0,3.2,5.3,23.1,13.4
00ACGK,E05000055,Hendon,5.7,72.4,76.2,-0.85,94.6,5.4,18.3,23.0,2.8,4.3,19.6,11.2
00ACGL,E05000056,High Barnet,4.9,71.0,72.9,-1.12,102.0,4.2,20.2,14.8,2.3,2.9,11.5,11.4
00ACGM,E05000057,Mill Hill,3.4,72.4,75.1,-1.28,78.3,4.2,18.2,19.1,2.7,4.2,23.9,12.5
00ACGN,E05000058,Oakleigh,4.9,75.8,74.5,-1.17,91.0,4.2,23.1,15.0,2.6,4.0,20.3,12.1
00ACGP,E05000059,Totteridge,3.1,72.3,74.6,-1.43,88.0,3.2,19.3,16.1,1.9,2.5,12.8,10.9
00ACGQ,E05000060,Underhill,4.9,64.5,72.4,-0.81,121.3,6.1,19.6,24.0,3.7,5.9,27.7,12.9
00ACGR,E05000061,West Finchley,6.5,78.3,75.5,-0.76,89.6,4.4,17.5,23.2,2.7,3.4,15.7,10.2
00ACGS,E05000062,West Hendon,5.5,75.9,74.9,-0.71,98.6,6.5,17.2,27.7,3.7,5.4,21.7,13.3
00ACGT,E05000063,Woodhouse,6.8,75.8,74.8,-0.80,104.0,5.7,17.3,27.1,3.4,4.8,24.2,12.5
00ADGA,E05000064,Barnehurst,7.1,74.2,73.0,-0.70,96.4,3.8,22.5,15.8,2.7,3.0,16.7,14.6
00ADGB,E05000065,Belvedere,8.9,66.9,70.1,-0.12,120.4,6.4,17.3,26.4,4.3,6.1,27.6,13.1
00ADGC,E05000066,Blackfen and Lamorbey,6.6,77.9,73.2,-0.92,75.6,3.3,22.2,12.0,1.9,2.1,10.3,15.3
00ADGD,E05000067,Blendon and Penhill,5.1,74.1,74.4,-0.97,80.5,3.1,23.7,12.6,2.0,2.0,9.6,15.6
00ADGE,E05000068,Brampton,4.8,78.0,72.1,-0.87,73.4,3.5,26.3,11.5,1.9,2.2,10.5,17.4
00ADGF,E05000069,Christchurch,6.8,72.8,73.6,-0.57,105.3,3.9,22.9,15.0,2.7,3.0,14.7,14.5
00ADGG,E05000070,Colyers,8.9,67.0,72.6,-0.16,132.2,6.8,19.0,25.0,4.7,6.6,27.8,14.9
00ADGH,E05000071,Crayford,10.9,63.7,71.5,-0.29,122.3,6.5,19.1,27.5,4.0,5.5,22.6,13.0
00ADGJ,E05000072,Cray Meadows,8.7,63.7,72.3,-0.17,102.6,6.6,23.6,22.3,3.6,6.1,24.9,15.2
00ADGK,E05000073,Danson Park,7.3,74.3,73.5,-0.62,100.8,4.0,21.4,16.9,2.3,3.1,14.1,15.6
00ADGL,E05000074,East Wickham,8.2,68.1,73.6,-0.43,72.0,4.8,23.8,18.2,3.0,4.1,19.5,15.2
00ADGM,E05000075,Erith,8.4,62.1,70.5,-0.10,83.5,7.2,16.2,28.7,4.7,7.5,27.6,12.9
00ADGN,E05000076,Falconwood and Welling,6.6,83.5,74.2,-0.86,99.4,2.7,20.4,12.7,2.5,2.1,10.6,15.9
00ADGP,E05000077,Lesnes Abbey,6.8,74.7,71.5,-0.30,91.0,5.6,21.5,18.1,3.6,4.9,23.2,14.7
00ADGQ,E05000078,Longlands,5.9,72.1,72.5,-0.59,132.7,4.0,27.6,16.1,1.9,2.5,10.7,12.9
00ADGR,E05000079,North End,8.9,62.6,69.8,0.03,112.3,8.9,14.3,32.7,6.2,10.1,36.3,12.9
00ADGS,E05000080,Northumberland Heath,6.9,74.7,72.8,-0.59,61.6,4.7,19.4,16.1,2.5,4.4,17.1,16.1
00ADGT,E05000081,St Mary's,4.1,62.4,71.0,-0.84,67.3,2.8,25.7,9.1,1.8,1.6,7.1,14.4
00ADGU,E05000082,St Michael's,9.2,53.4,73.4,-0.83,76.5,4.3,18.9,15.9,2.8,2.7,13.1,16.7
00ADGW,E05000083,Sidcup,4.9,68.9,72.3,-0.72,86.7,3.0,28.4,14.0,2.0,1.7,9.0,13.4
00ADGX,E05000084,Thamesmead East,4.6,63.8,67.5,0.04,91.0,6.6,13.7,30.4,5.2,7.5,30.7,8.0
00AEGJ,E05000085,Alperton,7.1,74.4,70.2,-0.30,72.9,5.4,14.5,30.6,3.3,4.4,23.8,14.4
00AEGK,E05000086,Barnhill,4.5,69.1,73.7,0.21,108.5,8.1,21.1,32.7,4.9,7.2,33.2,13.0
00AEGL,E05000087,Brondesbury Park,6.2,58.7,72.5,0.10,81.3,5.9,17.1,34.7,3.6,5.0,24.6,12.8
00AEGM,E05000088,Dollis Hill,4.0,72.8,74.8,-0.03,65.5,6.6,16.5,27.8,4.8,6.6,37.3,14.5
00AEGN,E05000089,Dudden Hill,6.9,78.2,75.3,0.17,60.8,6.3,15.8,26.3,5.4,6.8,37.7,13.7
00AEGP,E05000090,Fryent,5.9,65.6,73.2,-0.17,70.1,5.9,19.4,24.8,3.7,4.5,26.4,14.8
00AEGQ,E05000091,Harlesden,8.9,74.8,74.7,0.43,136.7,11.5,11.5,51.8,11.4,13.8,43.2,17.2
00AEGR,E05000092,Kensal Green,10.4,80.9,73.8,0.31,85.7,9.5,14.5,39.0,8.6,8.9,31.1,16.4
00AEGS,E05000093,Kenton,3.2,78.9,72.4,-0.31,64.4,3.6,23.8,18.4,2.0,2.2,16.9,13.2
00AEGT,E05000094,Kilburn,11.3,75.2,78.0,0.65,86.1,10.0,14.6,45.5,8.0,9.9,39.6,16.6
00AEGU,E05000095,Mapesbury,8.7,67.5,78.2,0.26,86.8,6.4,13.7,33.1,5.3,5.7,29.9,13.8
00AEGW,E05000096,Northwick Park,4.0,78.6,68.7,-0.36,93.9,3.7,18.3,18.8,2.1,2.5,18.8,12.8
00AEGX,E05000097,Preston,4.8,71.9,70.3,-0.18,86.2,5.2,18.8,21.5,3.2,4.6,30.5,13.0
00AEGY,E05000098,Queens Park,10.5,72.7,73.6,0.03,65.6,6.1,15.9,25.7,4.9,5.4,21.5,13.9
00AEGZ,E05000099,Queensbury,5.2,63.2,73.0,-0.53,86.6,5.0,19.8,23.1,3.0,4.2,28.0,15.5
00AEHA,E05000100,Stonebridge,7.7,61.8,68.2,0.56,93.7,9.9,14.0,43.6,8.3,11.3,48.2,14.7
00AEHB,E05000101,Sudbury,5.7,67.0,69.1,-0.18,82.0,7.0,18.2,28.8,3.9,5.6,25.7,13.4
00AEHC,E05000102,Tokyngton,5.4,74.3,73.4,-0.15,82.0,5.4,18.5,26.1,3.7,4.5,29.4,15.3
00AEHD,E05000103,Welsh Harp,6.3,76.8,75.0,0.00,70.6,6.9,18.8,26.5,5.0,6.5,34.0,14.4
00AEHE,E05000104,Wembley Central,6.4,79.3,72.1,0.07,84.7,6.8,15.7,36.2,4.5,5.2,24.9,15.2
00AEHF,E05000105,Willesden Green,10.2,79.1,78.8,0.56,62.9,7.3,13.3,38.0,5.4,7.5,38.1,16.0
00AFGD,E05000106,Bickley,3.1,63.1,70.2,-0.91,102.3,3.0,24.5,13.0,1.7,2.0,8.4,12.0
00AFGE,E05000107,Biggin Hill,1.4,60.2,67.6,-1.14,69.5,2.8,23.4,9.5,2.0,2.0,10.2,12.1
00AFGF,E05000108,Bromley Common and Keston,5.5,61.4,71.9,-0.65,89.7,5.0,21.0,19.6,2.7,4.2,18.5,14.7
00AFGG,E05000109,Bromley Town,6.6,74.2,74.3,-0.68,133.2,3.7,17.7,19.4,2.5,3.2,13.3,11.7
00AFGH,E05000110,Chelsfield and Pratts Bottom,3.0,49.7,69.8,-1.16,74.7,2.6,23.3,11.6,1.6,1.5,7.6,13.5
00AFGJ,E05000111,Chislehurst,3.2,61.2,69.7,-0.98,97.8,2.4,26.1,11.4,1.7,1.9,10.1,13.1
00AFGK,E05000112,Clock House,9.3,75.6,75.3,-0.55,84.4,4.1,16.7,21.7,3.1,3.3,13.6,12.2
00AFGL,E05000113,Copers Cope,5.1,68.5,71.4,-0.92,122.8,3.3,21.0,13.6,2.1,2.8,18.1,8.9
00AFGM,E05000114,Cray Valley East,6.3,62.5,70.1,-0.07,87.0,6.7,20.6,24.6,4.1,7.2,34.9,12.9
00AFGN,E05000115,Cray Valley West,5.7,46.9,70.7,0.21,85.6,8.4,20.4,27.1,4.1,9.0,31.6,13.8
00AFGP,E05000116,Crystal Palace,9.2,71.6,78.0,0.07,96.1,9.1,12.1,39.6,6.0,9.2,38.3,12.5
00AFGQ,E05000117,Darwin,4.1,58.5,72.7,-0.99,115.7,2.6,27.7,12.5,1.1,1.8,12.3,19.2
00AFGR,E05000118,Farnborough and Crofton,2.3,60.1,68.2,-1.08,79.3,3.1,28.3,8.9,1.6,1.9,9.8,12.5
00AFGS,E05000119,Hayes and Coney Hall,3.1,62.3,71.0,-1.20,85.2,2.7,26.3,9.1,1.9,1.3,6.5,15.2
00AFGT,E05000120,Kelsey and Eden Park,4.2,70.3,72.8,-0.93,86.2,3.7,21.0,12.8,1.9,2.3,9.4,12.8
00AFGU,E05000121,Mottingham and Chislehurst North,4.2,67.9,73.2,0.23,97.6,7.8,18.4,27.9,4.3,8.8,34.8,14.3
00AFGW,E05000122,Orpington,4.3,54.8,69.0,-0.53,75.1,4.5,26.3,13.0,2.7,4.5,22.4,13.8
00AFGX,E05000123,Penge and Cator,9.6,74.0,74.7,-0.04,106.3,7.1,12.9,34.2,4.5,6.9,30.2,12.9
00AFGY,E05000124,Petts Wood and Knoll,3.0,63.6,71.1,-1.46,67.9,2.0,27.8,6.3,1.6,1.4,5.8,14.4
00AFGZ,E05000125,Plaistow and Sundridge,6.2,65.3,72.7,-0.43,123.0,5.4,18.3,22.2,3.2,5.0,21.3,12.5
00AFHA,E05000126,Shortlands,3.4,68.4,70.8,-1.12,62.9,2.3,25.8,9.8,1.5,1.3,7.2,11.1
00AFHB,E05000127,West Wickham,3.1,74.7,72.8,-1.06,83.7,2.0,27.1,9.3,1.5,1.1,5.0,14.4
00AGGD,E05000128,Belsize,9.9,75.4,77.3,-0.21,66.1,4.3,16.1,23.0,2.5,4.4,26.1,10.5
00AGGE,E05000129,Bloomsbury,10.1,76.3,82.9,-0.07,103.8,5.0,12.2,37.0,2.4,3.9,32.2,13.0
00AGGF,E05000130,Camden Town with Primrose Hill,8.4,73.6,77.9,0.21,60.3,8.0,16.7,32.6,3.8,7.6,36.9,12.9
00AGGG,E05000131,Cantelowes,8.0,71.4,79.1,0.66,103.5,9.5,13.0,40.8,4.3,9.0,41.8,17.2
00AGGH,E05000132,Fortune Green,8.3,64.6,77.1,0.07,66.4,6.3,13.6,26.1,3.6,5.5,30.0,11.3
00AGGJ,E05000133,Frognal and Fitzjohns,7.7,70.7,77.7,-0.32,73.4,2.0,18.3,12.1,1.4,1.8,10.8,9.0
00AGGK,E05000134,Gospel Oak,7.4,66.5,74.3,0.59,101.2,10.5,14.5,42.1,4.9,10.0,41.8,14.4
00AGGL,E05000135,Hampstead Town,8.1,69.4,76.3,-0.54,68.6,2.9,19.3,15.5,1.5,2.1,9.2,8.1
00AGGM,E05000136,Haverstock,4.6,72.1,79.7,0.58,97.7,10.0,13.0,49.3,4.8,10.6,49.6,14.9
00AGGN,E05000137,Highgate,8.1,77.7,74.6,-0.17,88.4,7.2,18.4,23.8,3.5,7.0,30.0,13.5
00AGGP,E05000138,Holborn and Covent Garden,11.4,62.2,74.7,0.49,93.0,8.5,11.7,50.5,3.6,7.6,42.1,14.6
00AGGQ,E05000139,Kentish Town,7.8,67.6,79.6,0.64,179.7,8.4,13.0,40.4,4.3,8.1,39.6,16.2
00AGGR,E05000140,Kilburn,7.7,75.0,79.2,0.93,185.6,10.9,14.3,63.1,6.0,10.5,49.2,14.2
00AGGS,E05000141,King's Cross,11.7,80.5,84.0,0.28,89.7,6.4,9.1,45.0,3.8,6.0,48.4,17.1
00AGGT,E05000142,Regent's Park,8.0,68.0,79.8,0.80,96.4,9.3,13.8,44.3,4.5,8.9,41.0,16.0
00AGGU,E05000143,St Pancras and Somers Town,2.8,61.0,51.8,0.91,73.0,11.9,15.3,41.6,5.5,12.1,53.4,16.1
00AGGW,E05000144,Swiss Cottage,6.5,74.9,76.7,0.07,73.6,4.5,16.3,22.3,2.3,4.6,32.2,9.5
00AGGX,E05000145,West Hampstead,10.4,74.3,79.1,0.23,102.0,6.9,11.2,41.5,3.8,5.9,37.7,11.6
00AHGE,E05000146,Addiscombe,13.1,77.9,76.4,-0.18,121.4,5.1,13.7,30.3,3.4,4.8,24.5,12.5
00AHGF,E05000147,Ashburton,5.6,73.5,72.8,-0.15,98.1,6.1,19.1,19.3,3.7,5.8,25.8,14.5
00AHGG,E05000148,Bensham Manor,10.7,83.3,75.1,-0.47,84.0,5.5,15.7,24.8,5.3,5.8,28.4,16.2
00AHGH,E05000149,Broad Green,9.9,71.5,74.6,0.19,108.2,6.9,10.3,44.2,4.7,8.0,36.2,15.6
00AHGJ,E05000150,Coulsdon East,2.6,53.3,70.8,-0.49,63.1,3.6,28.1,13.0,2.3,2.9,16.1,13.8
00AHGK,E05000151,Coulsdon West,4.1,70.1,74.2,-0.58,114.1,3.4,21.9,11.0,2.0,2.5,9.7,13.5
00AHGL,E05000152,Croham,9.7,67.5,72.9,-0.35,100.3,4.2,17.2,14.4,3.2,3.9,17.4,12.0
00AHGM,E05000153,Fairfield,9.7,65.6,74.1,-0.25,89.9,4.8,16.4,21.5,3.2,4.3,27.0,9.3
00AHGN,E05000154,Fieldway,6.5,59.0,73.6,0.54,123.4,8.8,13.5,43.5,5.9,12.2,44.5,15.4
00AHGP,E05000155,Heathfield,3.3,70.8,69.8,-0.56,70.9,4.4,24.1,12.2,3.0,4.2,21.1,12.2
00AHGQ,E05000156,Kenley,4.1,63.6,71.0,-0.38,111.4,3.7,20.6,12.7,2.9,3.4,15.6,12.4
00AHGR,E05000157,New Addington,8.8,26.3,73.6,0.39,126.6,8.5,18.4,31.2,5.2,9.8,39.0,16.1
00AHGS,E05000158,Norbury,7.2,80.7,74.3,-0.43,98.4,4.5,21.8,22.0,4.4,4.9,23.7,14.6
00AHGT,E05000159,Purley,5.6,68.3,72.1,-0.47,93.7,4.5,20.2,14.2,2.9,3.9,15.5,12.6
00AHGU,E05000160,Sanderstead,3.2,48.5,70.6,-0.77,81.6,3.3,25.9,9.6,1.9,1.8,10.0,13.9
00AHGW,E05000161,Selhurst,10.2,74.7,76.6,0.37,183.2,8.0,12.8,43.8,6.3,9.3,35.4,14.6
00AHGX,E05000162,Selsdon and Ballards,2.1,55.5,70.2,-0.92,58.9,2.5,27.5,6.5,1.8,1.4,7.2,13.7
00AHGY,E05000163,Shirley,3.5,65.8,69.1,-0.62,72.2,4.3,23.5,13.8,3.0,4.2,24.7,14.0
00AHGZ,E05000164,South Norwood,9.1,76.4,75.0,0.04,97.9,7.5,15.2,28.5,6.3,8.5,31.7,12.6
00AHHA,E05000165,Thornton Heath,9.9,80.6,75.1,-0.07,109.0,7.3,16.7,30.7,7.0,8.1,30.0,14.0
00AHHB,E05000166,Upper Norwood,8.1,76.7,75.4,-0.15,95.2,6.0,17.6,25.8,4.8,6.9,28.2,13.4
00AHHC,E05000167,Waddon,8.8,71.0,74.0,0.34,165.8,7.2,17.5,26.1,4.5,8.0,30.3,12.8
00AHHD,E05000168,West Thornton,10.8,80.8,73.7,-0.22,88.0,6.1,13.9,30.5,4.7,6.1,29.3,16.6
00AHHE,E05000169,Woodside,11.0,70.7,73.2,0.16,71.7,6.3,12.8,25.6,5.5,7.7,31.9,12.3
00AJGC,E05000170,Acton Central,8.6,72.1,77.8,0.14,70.4,7.9,15.4,28.9,4.6,7.6,34.9,12.4
00AJGD,E05000171,Cleveland,6.1,75.5,72.6,0.02,94.2,5.5,16.2,23.3,4.1,5.3,29.4,10.3
00AJGE,E05000172,Dormers Wells,6.5,75.4,71.7,0.25,96.8,7.2,15.0,38.9,5.3,6.7,36.1,13.8
00AJGF,E05000173,Ealing Broadway,6.3,78.9,76.4,-0.07,77.5,3.7,16.3,18.6,2.3,2.9,14.3,8.0
00AJGG,E05000174,Ealing Common,7.0,73.9,75.2,-0.02,88.7,4.7,17.1,23.5,3.6,4.0,22.5,9.3
00AJGH,E05000175,East Acton,8.1,69.5,76.4,-0.02,78.1,6.2,13.3,26.3,4.2,7.1,40.0,13.3
00AJGJ,E05000176,Elthorne,7.0,73.5,76.2,0.40,92.1,6.8,15.8,27.6,4.2,6.2,26.4,11.4
00AJGK,E05000177,Greenford Broadway,8.3,64.6,72.2,0.11,136.3,7.0,16.9,31.7,5.3,8.1,37.0,13.5
00AJGL,E05000178,Greenford Green,7.0,75.7,71.1,-0.26,76.6,4.9,19.7,19.8,3.6,3.8,21.1,12.9
00AJGM,E05000179,Hanger Hill,6.3,69.3,75.0,-0.71,64.6,2.9,19.5,13.5,2.3,2.7,17.6,8.8
00AJGN,E05000180,Hobbayne,5.4,50.2,73.5,0.05,85.5,6.1,17.3,27.6,4.2,6.2,26.4,12.5
00AJGP,E05000181,Lady Margaret,7.8,82.6,73.2,-0.05,103.7,6.3,14.8,31.5,4.5,3.9,25.8,12.0
00AJGQ,E05000182,Northfield,7.5,75.2,75.8,-0.46,84.0,2.8,16.9,16.8,1.8,2.2,10.7,8.3
00AJGR,E05000183,North Greenford,5.6,69.6,73.6,-0.66,63.9,4.7,19.3,19.1,3.3,4.2,21.4,13.5
00AJGS,E05000184,Northolt Mandeville,13.9,60.9,71.6,-0.04,79.5,7.2,17.2,28.5,5.0,8.2,35.9,14.0
00AJGT,E05000185,Northolt West End,14.2,55.1,69.4,0.08,89.6,9.0,19.1,30.9,6.3,11.0,38.2,13.8
00AJGU,E05000186,Norwood Green,5.8,67.2,74.6,0.60,104.4,11.7,15.3,38.6,5.9,9.1,38.4,12.6
00AJGW,E05000187,Perivale,5.9,57.9,73.0,-0.45,65.6,4.8,17.6,21.2,3.3,3.8,19.8,13.5
00AJGX,E05000188,South Acton,8.5,77.7,78.0,0.22,131.3,7.4,14.6,45.0,4.7,7.5,37.5,12.4
00AJGY,E05000189,Southall Broadway,4.8,80.0,71.9,0.30,103.5,7.9,14.2,42.9,5.3,5.4,29.0,12.8
00AJGZ,E05000190,Southall Green,7.4,80.6,72.4,0.17,85.0,7.9,12.5,41.3,6.5,5.7,38.4,13.3
00AJHA,E05000191,Southfield,9.3,72.3,76.5,-0.56,83.3,3.7,14.9,23.1,2.8,3.1,15.8,8.6
00AJHB,E05000192,Walpole,6.4,80.5,74.9,0.01,76.4,3.5,16.5,21.8,2.5,2.9,12.4,8.4
00AKGL,E05000193,Bowes,7.0,73.4,73.1,-0.16,96.2,6.3,16.9,32.5,4.7,5.8,29.7,14.2
00AKGM,E05000194,Bush Hill Park,5.2,77.8,74.5,-0.79,87.4,4.2,21.1,17.5,2.9,3.3,17.1,13.7
00AKGN,E05000195,Chase,8.8,68.1,74.7,-0.19,124.5,6.6,18.5,24.7,4.5,7.5,32.4,14.0
00AKGP,E05000196,Cockfosters,4.4,74.5,73.1,-0.62,64.9,4.5,25.1,17.3,2.7,3.4,19.8,13.5
00AKGQ,E05000197,Edmonton Green,8.3,72.8,70.3,0.31,89.3,10.9,12.5,50.0,7.9,14.3,49.4,15.8
00AKGR,E05000198,Enfield Highway,7.8,77.2,74.9,-0.18,90.8,7.7,16.9,29.5,5.7,10.2,44.0,15.4
00AKGS,E05000199,Enfield Lock,7.2,65.4,71.1,-0.17,148.4,7.3,10.8,38.5,6.5,10.4,45.4,14.0
00AKGT,E05000200,Grange,4.5,72.4,74.0,-0.98,67.9,3.0,23.8,11.1,2.6,2.4,11.7,12.6
00AKGU,E05000201,Haselbury,10.3,81.7,71.8,-0.22,76.9,8.5,16.6,29.3,5.8,10.0,43.4,17.2
00AKGW,E05000202,Highlands,4.1,65.1,71.3,-0.59,57.9,5.0,25.7,12.7,2.6,4.0,17.0,12.1
00AKGX,E05000203,Jubilee,11.1,70.3,73.8,-0.21,91.3,8.3,19.5,27.8,6.0,8.0,39.8,15.3
00AKGY,E05000204,Lower Edmonton,9.4,80.1,74.9,0.02,131.1,8.6,13.2,43.5,6.9,11.1,45.2,16.6
00AKGZ,E05000205,Palmers Green,6.9,77.1,74.1,-0.41,98.2,5.3,17.3,33.1,4.1,4.6,26.3,14.6
00AKHA,E05000206,Ponders End,9.5,69.7,71.1,0.12,120.5,7.5,12.5,40.0,6.7,9.5,46.7,17.0
00AKHB,E05000207,Southbury,8.3,75.8,75.8,0.04,81.3,6.7,13.9,33.6,5.0,8.3,37.5,14.6
00AKHC,E05000208,Southgate,5.0,70.5,73.7,-0.60,70.5,4.4,21.6,15.4,3.5,4.3,22.5,11.2
00AKHD,E05000209,Southgate Green,6.3,78.3,74.9,-0.51,83.3,5.0,20.4,19.6,4.2,4.3,19.9,14.2
00AKHE,E05000210,Town,6.9,79.7,75.8,-0.66,82.6,3.8,20.1,17.2,2.9,3.5,16.2,13.6
00AKHF,E05000211,Turkey Street,7.9,67.8,73.8,0.09,95.2,8.5,17.3,30.5,5.9,10.6,44.9,14.8
00AKHG,E05000212,Upper Edmonton,10.8,79.8,73.2,0.13,155.4,8.4,13.8,38.2,6.3,10.5,44.2,17.2
00AKHH,E05000213,Winchmore Hill,6.5,78.3,75.4,-0.44,109.0,4.1,19.5,21.4,2.8,3.4,12.5,12.7
00ALGP,E05000214,Abbey Wood,8.9,75.0,74.5,0.81,101.0,9.7,14.9,33.1,5.3,11.0,36.4,15.7
00ALGQ,E05000215,Blackheath Westcombe,8.5,69.1,73.2,0.26,101.3,5.0,23.0,18.2,2.3,4.4,16.3,10.7
00ALGR,E05000216,Charlton,9.1,74.1,73.5,0.78,145.1,8.4,15.2,37.6,4.6,8.6,33.9,13.8
00ALGS,E05000217,Coldharbour and New Eltham,6.5,70.0,73.8,0.32,83.6,6.6,26.1,18.8,3.6,5.3,22.1,15.7
00ALGT,E05000218,Eltham North,8.2,80.5,74.4,0.11,71.2,4.3,23.8,16.2,2.7,3.1,12.7,14.4
00ALGU,E05000219,Eltham South,6.9,75.7,73.6,0.39,81.3,5.4,23.2,16.9,3.2,5.3,26.4,15.5
00ALGW,E05000220,Eltham West,11.5,68.1,70.5,0.82,108.9,7.1,15.8,27.9,4.2,6.8,34.2,17.7
00ALGX,E05000221,Glyndon,7.4,68.0,73.7,0.90,166.1,8.8,11.2,45.2,6.3,9.4,38.5,16.0
00ALGY,E05000222,Greenwich West,8.9,66.6,76.1,0.33,111.0,6.0,11.3,36.3,3.9,6.7,34.2,12.0
00ALGZ,E05000223,Kidbrooke with Hornfair,7.7,62.2,72.7,0.74,87.8,8.4,18.3,28.8,4.2,7.9,31.3,14.7
00ALHA,E05000224,Middle Park and Sutcliffe,6.1,73.7,72.6,0.74,57.3,9.0,23.7,20.2,5.2,9.6,34.6,16.1
00ALHB,E05000225,Peninsula,12.1,62.4,71.6,0.42,101.1,5.4,13.9,31.5,3.0,5.3,30.3,12.8
00ALHC,E05000226,Plumstead,10.7,75.5,74.9,0.64,116.3,7.6,14.4,30.8,5.8,7.9,31.4,16.5
00ALHD,E05000227,Shooters Hill,9.5,68.7,74.8,0.40,79.7,5.7,18.6,20.5,4.0,4.7,22.3,14.4
00ALHE,E05000228,Thamesmead Moorings,4.9,59.5,67.1,0.69,170.1,6.5,7.6,44.5,5.6,8.4,34.3,8.2
00ALHF,E05000229,Woolwich Common,5.7,76.3,77.3,1.23,50.5,9.8,12.9,38.1,6.8,11.0,43.1,16.7
00ALHG,E05000230,Woolwich Riverside,5.0,74.8,78.4,1.10,136.6,9.4,10.5,45.7,6.1,10.5,43.5,15.1
00AMGA,E05000231,Brownswood,10.4,66.6,76.5,0.74,85.4,5.8,9.7,43.3,4.3,5.7,39.4,14.1
00AMGB,E05000232,Cazenove,8.9,70.7,74.7,0.41,75.9,6.7,8.1,50.6,5.0,7.2,30.4,15.1
00AMGC,E05000233,Chatham,8.9,80.8,77.8,0.77,111.2,8.8,10.6,51.3,7.5,10.5,45.6,16.7
00AMGD,E05000234,Clissold,10.0,68.9,75.5,0.47,92.2,7.4,11.0,46.8,4.7,6.8,27.6,13.3
00AMGE,E05000235,Dalston,7.6,58.9,75.2,0.87,94.5,8.0,12.2,47.0,7.3,8.2,42.8,15.0
00AMGF,E05000236,De Beauvoir,13.1,67.6,75.1,0.51,105.9,7.5,11.8,41.2,5.1,8.5,43.1,15.4
00AMGG,E05000237,Hackney Central,8.1,69.8,76.8,0.81,95.6,8.9,12.3,55.8,7.4,9.2,43.7,14.4
00AMGH,E05000238,Hackney Downs,9.3,73.7,77.8,0.85,116.4,8.8,11.1,53.9,7.0,9.0,43.1,16.2
00AMGJ,E05000239,Haggerston,10.2,59.1,76.1,0.83,112.6,8.2,8.0,62.6,5.3,8.7,51.4,16.4
00AMGK,E05000240,Hoxton,17.3,75.4,79.8,0.92,80.6,9.9,12.5,42.6,5.5,10.7,49.8,16.9
00AMGL,E05000241,King's Park,4.7,82.7,75.8,0.65,83.1,9.1,14.1,46.9,6.6,10.4,48.2,14.5
00AMGM,E05000242,Leabridge,9.1,72.7,75.9,0.64,164.8,8.2,8.9,57.4,6.8,9.1,38.9,15.6
00AMGN,E05000243,Lordship,9.2,75.6,74.7,0.48,108.6,7.0,10.3,43.9,4.0,6.9,32.4,13.8
00AMGP,E05000244,New River,10.0,75.2,77.2,0.70,82.4,8.1,11.6,43.2,4.7,8.0,35.0,18.5
00AMGQ,E05000245,Queensbridge,10.6,58.9,73.0,0.89,101.7,9.5,14.9,47.1,6.9,10.0,46.1,14.6
00AMGR,E05000246,Springfield,7.4,72.0,74.5,0.50,67.4,8.8,10.4,49.0,5.6,10.1,35.9,17.9
00AMGS,E05000247,Stoke Newington Central,8.9,79.8,77.4,0.75,87.8,7.4,9.9,51.9,5.7,6.4,33.0,14.5
00AMGT,E05000248,Victoria,9.8,66.1,73.8,0.75,96.2,9.7,12.5,39.7,6.4,10.1,42.6,15.0
00AMGU,E05000249,Wick,7.4,67.7,76.4,1.12,98.4,11.6,13.7,44.6,6.7,12.3,48.6,14.7
00ANGA,E05000250,Addison,11.5,81.0,80.1,0.14,102.7,6.3,11.3,30.8,3.4,5.5,25.5,13.3
00ANGB,E05000251,Askew,13.0,73.2,77.6,0.52,134.6,7.6,9.8,50.4,4.8,7.5,35.2,14.7
00ANGC,E05000252,Avonmore and Brook Green,10.2,69.9,78.3,0.04,73.0,4.6,13.1,32.5,2.8,4.2,27.7,11.7
00ANGD,E05000253,College Park and Old Oak,9.4,64.0,79.2,0.85,99.2,7.7,13.0,36.8,4.5,9.0,51.1,15.2
00ANGE,E05000254,Fulham Broadway,11.4,72.2,77.8,0.51,126.6,6.4,13.5,43.8,3.8,5.5,36.0,12.8
00ANGF,E05000255,Fulham Reach,9.9,70.9,76.5,0.25,66.6,5.1,15.1,24.0,3.1,4.8,30.3,11.8
00ANGG,E05000256,Hammersmith Broadway,12.3,79.9,79.0,0.51,109.4,7.1,13.0,37.6,4.6,7.0,37.0,14.4
00ANGH,E05000257,Munster,11.0,79.4,78.9,-0.03,58.6,4.4,13.3,22.4,2.3,3.7,19.6,10.5
00ANGJ,E05000258,North End,12.3,81.7,81.6,0.35,88.3,6.7,11.2,38.6,3.5,5.9,40.1,12.7
00ANGK,E05000259,Palace Riverside,7.8,76.1,77.1,-0.31,75.3,2.7,20.5,17.5,1.6,2.2,10.1,9.2
00ANGL,E05000260,Parsons Green and Walham,7.9,72.0,75.6,-0.05,91.5,4.2,14.1,23.0,2.2,4.1,16.4,9.5
00ANGM,E05000261,Ravenscourt Park,9.4,75.4,76.0,0.17,93.7,5.9,15.8,24.8,3.7,5.6,29.1,11.5
00ANGN,E05000262,Sands End,9.0,59.3,72.0,0.21,100.1,5.5,10.9,34.8,3.6,6.2,38.6,13.4
00ANGP,E05000263,Shepherd's Bush Green,12.8,74.7,79.4,0.52,93.1,8.7,10.1,54.5,5.2,8.0,39.8,15.1
00ANGQ,E05000264,Town,12.5,81.7,79.0,0.04,77.6,4.5,8.9,36.3,3.0,4.3,28.2,11.3
00ANGR,E05000265,Wormholt and White City,6.6,66.9,73.9,0.41,66.5,8.7,12.2,43.1,5.6,9.7,50.3,16.3
00APGA,E05000266,Alexandra,6.2,80.3,76.1,-0.24,114.8,3.3,15.1,20.7,2.8,2.4,10.7,9.7
00APGB,E05000267,Bounds Green,8.9,81.3,75.6,0.30,108.2,6.5,11.2,46.3,4.7,6.6,36.6,13.7
00APGC,E05000268,Bruce Grove,9.9,81.9,71.6,0.45,133.8,9.1,10.4,51.7,8.1,11.0,41.9,17.5
00APGD,E05000269,Crouch End,9.6,74.9,76.0,-0.17,82.5,3.3,11.5,27.7,2.8,2.4,13.9,8.3
00APGE,E05000270,Fortis Green,9.0,80.7,76.7,-0.30,68.0,3.5,15.8,18.6,3.0,3.5,14.3,9.5
00APGF,E05000271,Harringay,8.2,77.6,74.6,0.37,98.8,6.7,10.3,51.4,6.2,6.4,35.8,14.2
00APGG,E05000272,Highgate,7.9,76.2,76.3,-0.36,80.0,3.5,15.2,12.9,2.8,2.8,14.4,8.9
00APGH,E05000273,Hornsey,8.4,72.5,76.2,0.50,89.5,7.9,11.7,44.6,6.5,7.9,36.2,12.2
00APGJ,E05000274,Muswell Hill,8.3,71.1,76.2,-0.09,109.3,3.1,14.1,23.6,2.6,2.4,11.6,9.3
00APGK,E05000275,Noel Park,12.5,74.2,76.8,0.66,120.4,9.5,11.1,54.0,7.0,9.8,47.0,18.5
00APGL,E05000276,Northumberland Park,7.5,73.1,73.1,0.74,131.5,11.4,10.9,58.1,10.5,13.5,49.6,17.5
00APGM,E05000277,St Ann's,8.3,71.9,75.7,0.64,90.0,7.7,14.3,39.7,5.5,6.8,41.3,15.6
00APGN,E05000278,Seven Sisters,7.4,69.1,76.4,0.39,96.6,8.3,10.7,45.0,6.2,8.6,32.5,15.5
00APGP,E05000279,Stroud Green,7.9,68.5,75.6,0.29,105.9,6.1,10.6,37.0,4.4,5.3,27.1,12.3
00APGQ,E05000280,Tottenham Green,8.6,64.7,73.0,0.66,133.6,8.8,10.7,58.8,7.2,9.6,45.4,15.7
00APGR,E05000281,Tottenham Hale,9.3,69.7,73.2,0.45,142.6,8.4,9.9,61.3,7.3,10.8,45.5,16.1
00APGS,E05000282,West Green,6.7,84.3,74.6,0.43,103.6,9.0,12.3,49.6,6.9,9.2,44.3,15.6
00APGT,E05000283,White Hart Lane,11.9,56.4,71.3,0.72,153.2,10.3,12.2,55.6,6.7,13.0,52.2,18.1
00APGU,E05000284,Woodside,8.8,75.4,74.8,0.44,88.8,8.4,11.8,48.1,6.4,8.5,43.5,15.7
00AQFY,E05000285,Belmont,2.5,57.0,71.4,-1.02,68.2,4.0,19.5,15.8,2.5,2.7,16.3,13.8
00AQFZ,E05000286,Canons,2.7,64.6,71.4,-0.92,72.8,3.6,28.3,18.6,2.6,2.9,17.8,12.1
00AQGA,E05000287,Edgware,4.8,63.5,73.5,-0.64,63.4,5.6,17.4,30.0,3.2,4.3,26.9,15.0
00AQGB,E05000288,Greenhill,6.0,74.4,73.8,-0.23,112.8,6.0,12.8,31.9,3.7,5.2,29.2,11.3
00AQGC,E05000289,Harrow on the Hill,4.4,71.3,72.0,-0.89,57.2,4.8,18.6,20.3,2.3,4.0,21.6,11.2
00AQGD,E05000290,Harrow Weald,4.1,70.6,70.2,-0.64,69.0,5.9,22.3,24.4,3.5,4.9,26.1,13.7
00AQGE,E05000291,Hatch End,3.1,65.3,69.3,-1.01,86.0,3.5,24.8,13.9,2.1,2.9,15.5,11.9
00AQGF,E05000292,Headstone North,2.9,71.5,69.5,-1.20,71.5,2.6,21.3,14.2,1.8,2.1,12.9,12.2
00AQGG,E05000293,Headstone South,5.0,76.6,70.7,-0.92,68.9,3.9,16.4,24.8,2.8,3.3,21.9,11.5
00AQGH,E05000294,Kenton East,5.9,78.1,74.0,-0.70,66.9,5.3,16.1,37.9,3.0,3.9,24.8,15.5
00AQGJ,E05000295,Kenton West,3.8,82.5,70.5,-1.00,89.9,3.8,18.7,25.1,2.8,2.2,19.0,14.3
00AQGK,E05000296,Marlborough,6.9,76.1,71.2,-0.38,99.5,6.1,15.0,32.2,4.0,5.9,32.7,13.4
00AQGL,E05000297,Pinner,2.7,62.8,66.7,-0.76,67.4,4.6,25.5,13.6,2.4,3.8,19.1,11.4
00AQGM,E05000298,Pinner South,2.6,64.8,70.8,-1.34,50.8,3.0,24.5,9.1,1.6,2.0,10.1,12.0
00AQGN,E05000299,Queensbury,4.6,71.3,73.4,-0.75,92.5,4.8,16.3,29.0,2.8,3.6,23.3,15.4
00AQGP,E05000300,Rayners Lane,5.2,87.1,73.2,-1.22,73.7,3.3,18.3,18.5,2.6,2.0,16.1,13.5
00AQGQ,E05000301,Roxbourne,6.9,77.4,72.2,-0.30,103.2,6.4,12.0,40.0,3.9,6.2,36.1,14.5
00AQGR,E05000302,Roxeth,6.2,81.2,70.4,-0.84,93.8,4.1,15.0,26.8,3.4,3.9,22.5,14.6
00AQGS,E05000303,Stanmore Park,2.5,64.2,70.2,-0.69,101.8,5.9,23.0,24.4,2.7,4.9,23.8,12.6
00AQGT,E05000304,Wealdstone,6.9,77.6,71.7,-0.08,107.3,7.4,17.3,32.1,4.8,7.6,36.3,13.7
00AQGU,E05000305,West Harrow,4.5,74.2,70.9,-0.64,68.0,4.7,17.6,20.0,3.1,3.8,22.6,11.9
00ARGC,E05000306,Brooklands,7.7,76.8,74.0,-0.14,198.2,4.8,13.4,35.9,3.9,4.5,23.3,14.1
00ARGD,E05000307,Cranham,3.3,68.6,66.3,-0.96,82.1,3.1,28.7,10.3,1.9,1.8,10.6,14.5
00ARGE,E05000308,Elm Park,7.2,60.6,67.3,-0.44,100.2,4.8,24.3,23.3,3.6,3.8,21.5,13.9
00ARGF,E05000309,Emerson Park,2.8,65.4,70.3,-0.93,130.5,3.0,22.6,13.3,2.0,1.4,8.8,15.1
00ARGG,E05000310,Gooshays,7.2,40.6,67.6,0.18,134.0,9.7,16.5,44.1,6.0,8.9,35.0,17.3
00ARGH,E05000311,Hacton,4.5,61.3,68.7,-0.84,72.0,3.4,25.7,12.8,2.5,2.0,11.1,15.2
00ARGJ,E05000312,Harold Wood,6.5,64.7,68.9,-0.43,88.8,5.5,23.7,19.8,3.4,3.7,19.2,14.0
00ARGK,E05000313,Havering Park,4.3,66.0,70.8,-0.17,137.7,6.2,19.4,27.1,4.2,5.6,28.3,15.8
00ARGL,E05000314,Heaton,4.2,58.5,68.6,0.24,145.6,9.4,21.1,41.1,5.9,8.4,32.3,14.6
00ARGM,E05000315,Hylands,4.7,70.4,73.6,-0.84,70.2,3.6,19.8,18.6,2.6,1.9,11.6,14.9
00ARGN,E05000316,Mawneys,6.9,68.0,70.8,-0.54,65.3,5.1,26.2,19.2,3.4,3.8,19.3,15.4
00ARGP,E05000317,Pettits,3.2,75.2,72.1,-0.70,86.9,4.0,25.9,12.9,2.1,2.2,10.4,16.0
00ARGQ,E05000318,Rainham and Wennington,5.7,69.1,68.1,-0.37,100.4,5.5,22.4,18.9,3.7,4.8,22.2,14.3
00ARGR,E05000319,Romford Town,7.4,68.2,72.4,-0.30,126.2,5.1,15.6,29.0,3.9,4.3,21.5,14.6
00ARGS,E05000320,St Andrew's,5.9,79.5,72.7,-0.61,101.0,4.0,26.4,19.8,2.8,2.9,13.6,15.8
00ARGT,E05000321,South Hornchurch,5.9,70.5,69.8,-0.29,141.2,6.1,20.3,23.6,4.6,5.4,24.7,16.3
00ARGU,E05000322,Squirrel's Heath,5.2,80.8,74.1,-0.82,93.2,3.8,21.6,15.0,2.6,3.1,12.8,15.3
00ARGW,E05000323,Upminster,3.5,78.7,71.9,-1.29,108.0,2.2,27.3,8.6,1.6,0.8,4.7,16.1
00ASGG,E05000324,Barnhill,6.2,59.9,72.0,-0.02,83.1,6.3,12.6,33.0,4.5,6.2,33.0,12.7
00ASGH,E05000325,Botwell,5.8,73.1,74.8,0.19,118.8,7.2,15.0,31.2,5.5,7.5,34.5,14.2
00ASGJ,E05000326,Brunel,5.2,66.8,72.7,-0.06,78.2,4.2,15.6,21.2,2.7,3.9,28.0,13.1
00ASGK,E05000327,Cavendish,3.2,66.6,74.2,-0.59,92.9,3.2,20.3,15.5,2.1,2.6,12.1,13.1
00ASGL,E05000328,Charville,5.8,68.3,73.9,-0.35,66.4,4.4,20.7,13.8,3.5,4.4,24.5,13.6
00ASGM,E05000329,Eastcote and East Ruislip,2.7,64.3,71.4,-0.86,76.2,2.4,23.9,7.8,1.5,1.5,6.4,13.7
00ASGN,E05000330,Harefield,4.6,60.5,72.4,0.00,92.4,6.3,22.6,19.4,3.1,5.1,21.3,13.6
00ASGP,E05000331,Heathrow Villages,7.0,67.3,72.7,-0.14,127.3,4.8,14.7,22.7,3.8,4.9,28.4,11.8
00ASGQ,E05000332,Hillingdon East,6.4,74.8,73.2,-0.14,89.4,4.8,20.4,17.7,3.5,4.8,22.9,12.8
00ASGR,E05000333,Ickenham,1.6,62.9,72.2,-0.82,71.8,2.6,27.0,7.1,1.5,1.6,6.3,13.0
00ASGS,E05000334,Manor,4.9,80.9,75.2,-0.71,72.6,2.9,20.8,11.9,2.5,2.1,11.0,12.5
00ASGT,E05000335,Northwood,2.6,61.8,69.8,-0.62,98.5,4.1,21.3,16.4,1.8,2.5,12.6,9.8
00ASGU,E05000336,Northwood Hills,3.7,66.4,70.8,-0.41,81.8,5.0,23.6,18.1,2.1,3.9,17.8,12.7
00ASGW,E05000337,Pinkwell,5.9,65.1,72.6,-0.07,98.7,6.1,13.0,29.3,4.7,6.4,33.2,12.4
00ASGX,E05000338,South Ruislip,6.4,66.2,73.8,-0.27,82.8,4.0,18.7,18.1,3.0,4.1,15.0,12.3
00ASGY,E05000339,Townfield,4.7,67.4,72.6,0.17,128.4,7.6,13.7,36.7,5.4,7.1,36.3,13.3
00ASGZ,E05000340,Uxbridge North,2.8,65.7,73.5,-0.43,103.4,3.7,18.6,16.2,2.3,3.1,12.3,11.9
00ASHA,E05000341,Uxbridge South,5.2,64.2,73.9,0.14,129.2,5.9,14.1,36.5,3.6,4.9,27.3,12.0
00ASHB,E05000342,West Drayton,5.1,60.5,70.6,0.25,115.4,6.8,17.3,26.4,4.5,7.2,35.7,12.9
00ASHC,E05000343,West Ruislip,3.6,63.5,71.1,-0.58,77.5,3.3,21.8,16.6,2.1,2.7,12.2,11.0
00ASHD,E05000344,Yeading,5.3,54.7,69.6,-0.04,116.5,6.2,9.8,35.2,4.4,7.0,34.8,10.7
00ASHE,E05000345,Yiewsley,5.5,64.4,72.3,0.25,87.6,7.0,13.4,33.2,5.0,6.6,34.2,11.6
00ATFY,E05000346,Bedfont,5.2,61.5,66.1,-0.09,115.9,6.7,18.0,28.2,4.6,6.7,30.5,12.9
00ATFZ,E05000347,Brentford,5.7,67.1,72.0,-0.06,78.3,6.3,14.2,30.6,3.0,6.5,33.4,13.7
00ATGA,E05000348,Chiswick Homefields,7.1,67.6,74.3,-0.63,68.6,3.4,13.9,16.6,2.0,2.8,15.4,9.0
00ATGB,E05000349,Chiswick Riverside,5.7,74.5,76.0,-0.37,61.3,4.4,17.5,20.6,2.1,3.7,14.5,9.6
00ATGC,E05000350,Cranford,4.5,61.2,74.5,0.03,96.5,7.6,15.6,28.4,4.1,6.8,31.3,11.5
00ATGD,E05000351,Feltham North,5.5,59.9,70.2,0.08,229.3,6.4,16.5,33.2,3.4,5.3,27.7,13.4
00ATGE,E05000352,Feltham West,5.7,58.0,69.9,-0.11,87.5,5.3,10.5,25.6,3.2,6.0,30.5,12.5
00ATGF,E05000353,Hanworth,6.7,61.8,68.0,-0.02,89.2,7.0,15.2,26.5,3.6,6.9,35.5,13.3
00ATGG,E05000354,Hanworth Park,5.9,65.2,70.1,-0.16,73.2,6.0,18.3,21.1,3.3,5.1,26.5,13.1
00ATGH,E05000355,Heston Central,5.3,71.4,70.1,-0.20,95.9,6.4,17.8,28.6,3.4,5.2,26.8,10.4
00ATGJ,E05000356,Heston East,5.1,72.7,70.2,-0.51,59.3,5.6,16.4,25.2,3.8,5.0,29.6,10.1
00ATGK,E05000357,Heston West,4.2,73.1,71.8,-0.21,98.1,7.3,12.3,38.8,4.8,6.9,35.3,12.7
00ATGL,E05000358,Hounslow Central,7.4,65.7,73.3,-0.68,85.6,5.1,15.0,30.3,3.6,4.0,22.3,11.2
00ATGM,E05000359,Hounslow Heath,7.1,64.8,71.7,-0.38,96.7,6.5,13.7,32.8,4.0,6.3,30.9,10.9
00ATGN,E05000360,Hounslow South,6.5,66.3,71.1,-0.80,60.9,3.7,18.0,16.6,2.4,1.9,11.6,11.5
00ATGP,E05000361,Hounslow West,5.2,76.0,73.0,-0.07,115.2,6.0,17.5,31.7,3.3,4.2,20.3,11.9
00ATGQ,E05000362,Isleworth,5.0,64.1,72.3,0.14,80.1,7.8,15.4,29.0,3.8,7.9,37.6,12.0
00ATGR,E05000363,Osterley and Spring Grove,5.6,73.9,69.6,-0.68,83.0,3.9,18.9,12.6,2.4,2.9,15.8,10.8
00ATGS,E05000364,Syon,4.8,69.9,73.7,0.09,136.5,7.1,15.9,29.1,3.4,6.7,33.3,12.5
00ATGT,E05000365,Turnham Green,7.7,72.2,76.4,-0.36,105.9,4.0,13.7,24.6,2.0,3.3,15.4,9.6
00AUFX,E05000366,Barnsbury,6.7,70.0,78.1,0.64,129.4,7.0,10.9,50.4,3.9,6.9,41.4,12.5
00AUFY,E05000367,Bunhill,5.4,75.8,79.4,0.68,91.0,8.2,12.9,42.6,5.6,9.1,50.5,12.8
00AUFZ,E05000368,Caledonian,4.6,65.6,74.5,1.01,113.4,8.2,11.0,53.7,4.7,8.3,49.1,13.3
00AUGA,E05000369,Canonbury,6.9,72.6,77.7,0.99,75.9,9.7,13.1,41.9,5.3,11.3,45.4,17.5
00AUGB,E05000370,Clerkenwell,8.5,71.7,79.1,0.74,74.3,8.1,11.4,42.4,3.5,7.6,44.3,15.8
00AUGC,E05000371,Finsbury Park,8.0,69.7,77.1,1.14,109.3,9.7,10.9,63.1,7.0,10.3,51.5,15.7
00AUGD,E05000372,Highbury East,10.0,78.5,79.1,0.85,81.4,5.6,12.4,34.4,3.0,5.3,29.4,13.1
00AUGE,E05000373,Highbury West,9.6,69.4,76.3,0.88,109.1,6.1,9.3,40.4,4.6,6.1,40.0,14.9
00AUGF,E05000374,Hillrise,4.8,68.7,74.5,1.00,133.5,8.8,11.4,49.2,6.0,9.0,41.9,15.1
00AUGG,E05000375,Holloway,5.8,75.5,79.8,1.13,142.3,7.1,8.2,57.6,4.0,7.2,52.0,15.9
00AUGH,E05000376,Junction,8.3,57.7,70.9,1.03,111.1,8.6,15.2,42.5,5.2,7.6,37.8,14.8
00AUGJ,E05000377,Mildmay,9.0,72.7,79.3,1.00,94.1,8.9,10.7,48.3,5.1,9.6,44.2,17.0
00AUGK,E05000378,St George's,8.1,73.5,78.8,1.09,81.4,8.5,14.6,35.9,5.4,7.7,35.4,15.0
00AUGL,E05000379,St Mary's,8.7,61.7,74.3,0.89,104.5,7.5,11.9,40.8,4.1,7.5,41.8,13.0
00AUGM,E05000380,St Peter's,5.6,75.2,79.2,0.77,127.4,6.7,13.0,37.9,3.3,7.2,45.9,13.5
00AUGN,E05000381,Tollington,8.2,67.9,77.2,1.22,119.3,9.4,9.6,57.0,6.2,9.5,44.9,16.0
00AWFY,E05000382,Abingdon,11.7,69.6,77.9,-1.52,65.9,3.8,18.0,14.8,2.1,3.7,18.9,10.0
00AWFZ,E05000383,Brompton,12.5,79.9,79.9,-2.07,47.0,1.9,22.2,8.1,0.9,1.5,13.9,10.4
00AWGA,E05000384,Campden,10.6,77.0,80.3,-1.98,73.5,2.0,15.2,13.2,0.9,1.6,8.2,7.9
00AWGB,E05000385,Colville,17.0,71.8,80.3,-0.26,69.4,8.4,15.5,41.7,5.3,7.5,35.0,16.3
00AWGC,E05000386,Courtfield,11.9,76.6,80.3,-1.56,41.0,2.5,14.7,13.0,1.8,1.7,6.3,9.9
00AWGD,E05000387,Cremorne,11.2,73.2,78.0,-0.36,54.3,7.8,19.8,33.4,2.9,7.1,37.7,13.0
00AWGE,E05000388,Earl's Court,16.2,74.9,80.5,-0.27,71.5,6.8,13.9,33.8,3.3,5.3,25.6,14.2
00AWGF,E05000389,Golborne,10.7,75.5,80.3,0.28,84.1,13.2,16.7,46.4,8.1,12.7,51.9,15.4
00AWGG,E05000390,Hans Town,8.1,79.7,81.8,-1.93,52.1,3.4,25.4,10.4,1.5,3.0,23.3,10.2
00AWGH,E05000391,Holland,8.0,76.7,78.5,-1.69,43.4,4.0,16.6,14.3,2.2,3.6,21.5,10.1
00AWGJ,E05000392,Norland,9.0,75.8,78.4,-0.85,59.1,6.6,23.8,26.1,3.3,6.3,26.1,10.9
00AWGK,E05000393,Notting Barns,8.2,67.0,76.5,0.24,60.4,10.7,16.8,44.3,6.1,10.9,41.8,14.6
00AWGL,E05000394,Pembridge,13.3,72.3,78.3,-1.29,80.1,3.0,14.9,19.1,1.8,2.4,15.0,11.1
00AWGM,E05000395,Queen's Gate,12.6,71.2,80.1,-2.37,50.6,1.0,14.6,11.2,0.9,0.8,5.4,8.7
00AWGN,E05000396,Redcliffe,11.3,76.8,80.8,-0.63,59.8,4.3,14.6,26.5,3.0,3.5,14.4,9.2
00AWGP,E05000397,Royal Hospital,8.8,78.5,79.6,-1.66,76.5,2.8,29.2,12.9,1.3,2.7,10.1,9.4
00AWGQ,E05000398,St Charles,12.2,77.8,80.0,0.46,112.4,11.8,16.8,43.4,5.7,11.6,43.7,16.1
00AWGR,E05000399,Stanley,7.0,78.8,81.1,-1.22,95.4,3.1,17.8,19.6,1.3,2.6,17.1,8.7
00AXFX,E05000400,Alexandra,5.2,78.7,75.6,-1.51,72.7,2.4,19.4,12.3,2.1,1.8,12.8,13.9
00AXFY,E05000401,Berrylands,9.2,77.5,74.8,-0.89,67.2,4.4,20.6,21.1,1.9,3.1,15.1,10.2
00AXFZ,E05000402,Beverley,6.6,72.9,75.5,-1.09,140.6,4.5,15.8,21.5,2.2,3.6,17.8,11.3
00AXGA,E05000403,Canbury,7.5,66.3,73.5,-0.99,79.6,3.5,11.4,22.7,1.9,2.9,12.2,8.5
00AXGB,E05000404,Chessington North and Hook,5.4,71.6,75.0,-0.83,82.4,4.5,21.2,14.5,2.4,3.6,19.0,14.1
00AXGC,E05000405,Chessington South,5.9,65.9,73.7,-1.13,93.9,3.7,16.7,15.9,2.0,3.1,15.8,12.1
00AXGD,E05000406,Coombe Hill,3.9,67.9,73.2,-1.34,82.1,2.3,18.6,15.9,1.5,2.3,16.7,11.1
00AXGE,E05000407,Coombe Vale,6.4,77.9,75.9,-1.55,91.5,2.6,16.1,17.3,1.6,1.8,10.1,10.7
00AXGF,E05000408,Grove,9.0,67.9,74.4,-0.87,73.3,4.2,15.9,23.5,2.2,3.2,18.3,8.6
00AXGG,E05000409,Norbiton,9.2,70.7,76.0,-0.54,143.2,5.6,11.8,38.9,3.4,5.3,32.3,12.5
00AXGH,E05000410,Old Malden,4.8,69.1,74.2,-1.38,68.1,3.3,22.6,10.0,1.8,2.8,16.7,13.8
00AXGJ,E05000411,St James,4.1,75.8,74.0,-1.31,94.6,3.1,24.7,14.4,1.8,2.3,15.3,13.8
00AXGK,E05000412,St Mark's,13.5,73.7,77.3,-1.03,79.7,3.0,11.1,18.9,1.8,1.6,9.1,9.3
00AXGL,E05000413,Surbiton Hill,10.0,68.6,74.9,-1.15,94.5,3.3,17.2,15.8,1.8,2.4,14.1,9.9
00AXGM,E05000414,Tolworth and Hook Rise,6.5,72.0,75.1,-1.26,47.8,3.9,19.1,17.0,2.5,3.1,18.8,12.6
00AXGN,E05000415,Tudor,3.9,67.3,74.4,-1.24,62.5,2.7,19.0,10.0,1.4,2.1,8.0,9.1
00AYFZ,E05000416,Bishop's,9.8,61.8,77.4,0.64,84.3,5.6,12.1,29.5,4.1,4.9,35.7,13.8
00AYGA,E05000417,Brixton Hill,8.9,69.1,72.9,0.51,129.3,6.4,10.4,48.8,6.1,6.9,32.0,13.7
00AYGB,E05000418,Clapham Common,9.7,69.0,74.9,0.42,86.0,3.7,9.7,31.7,3.1,3.6,22.1,10.3
00AYGC,E05000419,Clapham Town,10.6,71.4,74.4,0.63,132.8,5.5,10.7,38.6,3.7,5.2,29.9,11.1
00AYGD,E05000420,Coldharbour,8.2,69.5,71.7,0.48,137.0,9.2,7.9,75.2,9.1,10.9,46.2,15.6
00AYGE,E05000421,Ferndale,9.2,70.2,72.3,0.52,88.0,6.4,9.5,52.5,5.0,6.4,35.2,13.4
00AYGF,E05000422,Gipsy Hill,10.5,52.3,77.9,0.38,85.0,6.8,11.1,40.7,5.3,7.9,37.7,14.6
00AYGG,E05000423,Herne Hill,8.5,70.5,73.2,0.42,108.4,7.0,10.6,40.4,5.6,7.2,27.0,13.1
00AYGH,E05000424,Knight's Hill,7.9,62.3,75.5,0.48,82.8,7.2,14.3,31.1,6.0,8.3,31.3,13.0
00AYGJ,E05000425,Larkhall,10.9,72.0,64.5,0.57,131.9,5.9,7.8,55.8,4.9,6.9,42.1,14.6
00AYGK,E05000426,Oval,10.1,64.5,79.7,0.50,95.0,5.8,11.3,37.9,4.0,5.9,38.2,13.5
00AYGL,E05000427,Prince's,7.5,65.6,74.2,0.69,103.7,7.9,13.2,44.7,5.0,7.9,39.1,13.3
00AYGM,E05000428,St Leonard's,14.2,68.7,75.8,0.73,83.4,5.7,11.7,31.4,5.4,5.5,25.3,11.9
00AYGN,E05000429,Stockwell,15.5,60.9,79.2,0.41,103.3,6.4,9.6,44.6,6.1,7.4,37.2,13.0
00AYGP,E05000430,Streatham Hill,13.9,76.3,77.5,0.27,117.7,5.8,11.6,36.2,4.7,5.5,29.0,13.8
00AYGQ,E05000431,Streatham South,11.1,79.3,75.6,0.37,75.0,5.0,16.1,23.8,4.7,5.1,28.8,13.8
00AYGR,E05000432,Streatham Wells,10.5,74.3,77.3,0.50,135.2,5.0,8.5,46.2,4.4,5.5,32.6,11.6
00AYGS,E05000433,Thornton,14.2,71.0,74.0,0.52,74.6,4.8,11.2,29.6,4.2,5.4,33.2,13.5
00AYGT,E05000434,Thurlow Park,9.9,59.9,72.5,-0.03,101.5,5.6,12.5,31.1,4.3,5.7,26.7,11.0
00AYGU,E05000435,Tulse Hill,8.7,66.8,77.3,0.39,90.3,7.4,10.3,42.6,7.2,8.9,40.7,14.0
00AYGW,E05000436,Vassall,6.4,59.7,74.2,0.61,61.5,8.2,11.0,47.2,7.0,8.7,40.4,15.6
00AZGD,E05000437,Bellingham,9.5,64.2,73.3,0.60,105.2,8.7,13.4,41.8,5.0,10.0,38.1,16.2
00AZGE,E05000438,Blackheath,8.4,75.6,76.4,0.09,117.1,5.2,13.1,31.3,3.3,4.9,27.0,10.1
00AZGF,E05000439,Brockley,11.5,73.1,78.5,0.36,133.9,6.3,8.7,45.8,4.8,6.4,33.5,15.5
00AZGG,E05000440,Catford South,12.2,83.7,71.4,0.08,116.9,5.3,14.0,26.1,4.0,5.0,24.1,14.5
00AZGH,E05000441,Crofton Park,11.4,75.3,74.4,0.17,84.4,5.6,13.1,27.0,4.0,5.4,23.9,12.7
00AZGJ,E05000442,Downham,11.2,54.0,73.9,0.66,91.6,8.5,14.5,41.8,4.9,9.9,39.0,17.4
00AZGK,E05000443,Evelyn,6.1,51.5,69.3,0.56,98.6,6.6,9.0,46.9,5.8,8.9,46.8,14.4
00AZGL,E05000444,Forest Hill,8.4,73.9,76.3,0.27,137.6,5.6,11.9,28.0,4.4,5.5,26.9,12.9
00AZGM,E05000445,Grove Park,6.3,67.6,73.0,0.48,119.4,6.4,17.0,28.2,4.3,6.9,31.9,12.6
00AZGN,E05000446,Ladywell,10.2,77.0,76.0,0.15,155.1,5.5,10.5,35.8,3.8,5.6,25.5,12.6
00AZGP,E05000447,Lee Green,8.5,80.3,75.9,0.30,113.6,5.7,14.3,28.4,3.8,5.6,22.1,11.6
00AZGQ,E05000448,Lewisham Central,11.7,64.3,73.3,0.71,133.1,7.0,10.1,43.5,5.3,7.1,36.3,13.9
00AZGR,E05000449,New Cross,10.4,54.9,66.9,0.55,122.8,6.4,9.5,45.0,6.1,7.1,38.5,13.8
00AZGS,E05000450,Perry Vale,11.5,74.4,74.7,0.40,97.4,6.1,12.8,31.5,5.0,6.8,30.8,14.0
00AZGT,E05000451,Rushey Green,11.6,78.9,76.8,0.65,92.1,8.7,11.8,35.9,5.9,8.6,32.7,15.8
00AZGU,E05000452,Sydenham,7.5,74.8,74.1,0.56,140.7,6.6,14.7,33.8,4.4,7.3,33.3,14.1
00AZGW,E05000453,Telegraph Hill,8.2,76.1,77.3,0.35,140.9,6.9,8.7,51.7,5.5,7.2,34.1,15.1
00AZGX,E05000454,Whitefoot,10.5,66.7,72.8,0.53,98.6,7.0,16.5,28.3,4.7,8.9,35.1,15.9
00BAFX,E05000455,Abbey,10.6,72.2,75.5,-0.62,68.0,3.0,11.0,31.0,1.6,2.5,20.3,8.9
00BAFY,E05000456,Cannon Hill,9.1,81.2,67.9,-0.92,64.4,2.9,23.3,12.9,2.2,2.0,9.8,13.8
00BAFZ,E05000457,Colliers Wood,13.0,75.4,75.8,-0.35,97.3,3.6,10.5,31.5,2.5,3.0,22.2,12.0
00BAGA,E05000458,Cricket Green,13.2,74.8,73.1,0.17,70.8,9.6,20.9,26.5,6.3,9.3,34.1,13.4
00BAGB,E05000459,Dundonald,10.5,74.8,76.5,-1.12,58.8,1.8,15.3,13.2,1.3,1.2,7.5,8.2
00BAGC,E05000460,Figge's Marsh,12.3,73.7,72.8,-0.08,106.7,6.9,14.8,31.6,5.5,7.1,31.3,14.2
00BAGD,E05000461,Graveney,9.3,83.9,74.9,-0.57,57.0,3.8,17.8,20.6,3.7,2.7,19.1,15.0
00BAGE,E05000462,Hillside,7.5,72.1,75.5,-1.13,62.6,2.2,17.6,18.3,1.2,1.2,4.8,6.4
00BAGF,E05000463,Lavender Fields,11.3,61.6,68.8,-0.26,68.9,5.3,12.6,29.1,3.6,5.0,27.3,10.0
00BAGG,E05000464,Longthornton,8.6,73.6,73.8,-0.51,90.6,4.5,15.7,23.0,4.1,3.9,23.5,12.9
00BAGH,E05000465,Lower Morden,6.9,74.0,72.0,-0.79,71.8,3.5,23.4,12.2,2.0,2.8,12.3,13.3
00BAGJ,E05000466,Merton Park,8.8,76.0,71.8,-1.23,62.7,2.5,18.9,13.0,1.4,1.5,10.2,10.9
00BAGK,E05000467,Pollards Hill,6.7,80.9,74.3,-0.41,92.8,5.3,15.9,21.4,5.1,6.5,30.8,12.3
00BAGL,E05000468,Ravensbury,16.2,69.6,72.4,-0.09,84.2,6.4,19.2,20.8,4.3,6.8,30.7,15.9
00BAGM,E05000469,Raynes Park,8.5,78.0,77.1,-0.99,90.6,2.8,21.1,12.6,1.4,2.4,9.7,10.1
00BAGN,E05000470,St Helier,22.8,62.2,73.8,-0.14,83.2,7.1,20.3,25.3,3.9,6.4,26.6,16.9
00BAGP,E05000471,Trinity,8.9,66.9,73.0,-0.63,94.7,3.7,13.4,20.0,2.2,2.9,12.3,6.6
00BAGQ,E05000472,Village,4.4,68.3,73.7,-1.58,60.4,1.3,24.2,8.0,0.6,0.6,2.3,8.5
00BAGR,E05000473,West Barnes,7.1,79.6,69.9,-1.25,85.7,2.3,18.5,13.8,1.8,1.9,13.9,11.6
00BAGS,E05000474,Wimbledon Park,7.8,80.8,77.4,-0.86,72.3,2.7,14.3,13.5,1.5,2.6,10.7,8.3
00BBGB,E05000475,Beckton,6.5,55.5,63.9,0.68,94.2,7.6,6.6,70.0,4.2,7.5,37.3,8.0
00BBGC,E05000476,Boleyn,11.0,78.4,71.6,0.55,89.1,7.8,12.4,50.7,5.5,7.8,39.5,17.6
00BBGD,E05000477,Canning Town North,5.7,65.3,70.6,1.12,144.0,11.1,10.6,70.5,8.4,11.6,42.6,15.0
00BBGE,E05000478,Canning Town South,10.7,60.8,74.9,1.05,90.8,7.1,12.8,42.9,5.4,7.7,45.5,17.2
00BBGF,E05000479,Custom House,4.4,65.6,70.3,0.92,117.3,8.8,12.2,46.8,5.9,9.3,38.9,11.7
00BBGG,E05000480,East Ham Central,11.7,83.9,71.7,0.55,122.1,6.7,10.8,55.7,4.1,6.2,34.5,19.8
00BBGH,E05000481,East Ham North,8.7,82.2,70.1,0.78,217.2,6.3,9.0,67.2,4.1,5.6,34.4,19.7
00BBGJ,E05000482,East Ham South,9.9,82.1,74.4,0.70,118.9,7.9,12.0,41.4,5.6,9.5,39.0,18.5
00BBGK,E05000483,Forest Gate North,9.3,73.4,73.0,0.62,111.4,6.9,10.5,46.8,5.6,6.7,36.0,15.7
00BBGL,E05000484,Forest Gate South,11.3,74.4,72.9,0.75,158.1,7.0,7.9,58.6,5.8,5.9,36.7,18.3
00BBGM,E05000485,Green Street East,9.9,79.1,73.1,0.43,81.1,6.2,9.8,46.1,4.9,5.7,37.6,20.6
00BBGN,E05000486,Green Street West,9.2,84.3,72.2,0.35,95.7,6.0,11.0,53.8,5.1,5.6,37.8,20.4
00BBGP,E05000487,Little Ilford,10.4,73.2,72.5,0.65,130.8,7.9,9.7,56.1,6.1,8.9,42.7,19.7
00BBGQ,E05000488,Manor Park,10.7,72.2,69.7,0.68,121.4,7.5,12.4,47.1,5.6,7.3,38.7,19.2
00BBGR,E05000489,Plaistow North,7.8,75.1,69.5,0.70,93.4,8.1,11.6,52.5,6.8,8.5,42.7,16.8
00BBGS,E05000490,Plaistow South,10.9,83.2,75.6,0.72,80.0,7.6,14.3,36.3,6.5,8.3,40.3,17.2
00BBGT,E05000491,Royal Docks,4.0,57.0,65.2,0.58,62.4,5.6,7.4,39.2,5.1,7.0,39.3,12.0
00BBGU,E05000492,Stratford and New Town,8.9,66.5,76.3,0.73,110.1,4.8,8.9,49.6,5.0,5.0,40.2,14.4
00BBGW,E05000493,Wall End,8.8,84.3,74.0,0.46,101.5,6.6,9.5,45.5,4.8,6.3,36.1,18.4
00BBGX,E05000494,West Ham,9.2,69.5,71.4,0.76,123.4,8.1,11.6,43.7,6.1,7.9,43.0,15.5
00BCFY,E05000495,Aldborough,6.0,75.7,74.0,-0.28,99.3,5.9,20.9,22.4,4.1,5.1,26.2,15.0
00BCFZ,E05000496,Barkingside,4.7,82.2,72.9,-0.48,80.6,4.0,22.1,18.3,2.9,3.0,17.4,15.3
00BCGA,E05000497,Bridge,5.6,70.5,74.8,-0.39,71.8,5.3,18.6,22.6,3.1,4.4,22.4,13.2
00BCGB,E05000498,Chadwell,8.4,66.1,70.5,-0.38,95.1,5.6,17.6,21.6,4.7,6.4,29.1,12.3
00BCGC,E05000499,Church End,5.0,74.3,75.5,-0.64,78.5,2.6,15.2,18.5,2.3,1.8,9.3,11.9
00BCGD,E05000500,Clayhall,2.8,80.2,72.8,-0.66,70.4,3.6,22.5,19.1,2.9,2.4,15.2,15.4
00BCGE,E05000501,Clementswood,10.1,73.8,72.5,-0.12,109.5,6.1,11.6,37.7,4.8,6.4,43.3,19.1
00BCGF,E05000502,Cranbrook,6.0,83.1,72.2,-0.29,95.3,5.1,19.4,25.1,3.5,3.7,23.1,14.8
00BCGG,E05000503,Fairlop,8.7,68.6,71.1,-0.36,110.2,5.5,19.0,24.9,3.4,4.7,24.6,14.5
00BCGH,E05000504,Fullwell,5.4,69.6,71.8,-0.20,91.1,6.0,22.4,25.2,4.3,5.9,27.2,15.3
00BCGJ,E05000505,Goodmayes,9.3,69.6,71.1,-0.13,88.9,6.9,14.3,30.0,5.4,6.8,33.6,14.1
00BCGK,E05000506,Hainault,8.4,68.2,72.3,0.24,83.7,10.0,22.6,28.8,4.5,9.2,34.4,15.3
00BCGL,E05000507,Loxford,7.8,71.1,73.1,0.08,130.9,6.2,10.1,46.4,5.7,8.1,47.9,14.9
00BCGM,E05000508,Mayfield,6.1,83.5,75.8,-0.42,100.9,5.4,20.3,21.2,4.4,4.4,26.9,15.4
00BCGN,E05000509,Monkhams,3.0,68.5,71.5,-0.79,86.2,2.8,25.6,12.4,1.7,1.5,7.0,11.9
00BCGP,E05000510,Newbury,6.3,81.9,73.2,-0.33,96.8,5.7,14.2,28.6,4.1,5.6,31.5,15.6
00BCGQ,E05000511,Roding,6.3,81.8,75.0,-0.47,108.7,4.4,14.9,21.7,4.0,4.3,22.9,13.8
00BCGR,E05000512,Seven Kings,7.9,83.0,73.8,-0.03,133.4,6.2,14.0,30.0,5.3,5.9,31.1,16.0
00BCGS,E05000513,Snaresbrook,6.8,70.7,73.9,-0.29,87.7,4.0,24.0,22.9,2.4,2.6,9.5,10.6
00BCGT,E05000514,Valentines,10.3,84.9,74.1,0.14,90.2,7.0,12.6,37.5,5.7,6.4,30.8,17.1
00BCGU,E05000515,Wanstead,5.3,70.2,74.2,-0.47,65.2,4.0,22.8,15.9,2.5,2.8,12.5,11.7
00BDFW,E05000516,Barnes,5.1,66.2,73.9,-1.71,86.1,3.0,18.8,17.5,1.5,2.6,11.2,9.1
00BDFX,E05000517,East Sheen,6.1,82.2,76.8,-2.09,54.3,2.1,20.2,8.6,1.3,1.4,4.9,9.2
00BDFY,E05000518,Fulwell and Hampton Hill,8.2,67.9,74.9,-1.47,137.6,3.2,13.7,20.9,1.6,2.1,8.6,10.2
00BDFZ,E05000519,"Ham, Petersham and Richmond Riverside",7.8,75.9,74.3,-0.99,73.9,4.5,22.4,16.8,2.4,3.7,20.0,10.7
00BDGA,E05000520,Hampton,7.1,70.4,72.7,-1.66,88.2,3.1,21.5,13.2,1.8,2.5,9.2,10.4
00BDGB,E05000521,Hampton North,6.6,59.7,67.3,-1.00,56.4,5.3,19.8,16.8,2.4,4.7,19.9,9.5
00BDGC,E05000522,Hampton Wick,6.2,62.0,74.0,-1.28,79.5,3.9,16.4,17.0,1.3,2.5,9.7,8.9
00BDGD,E05000523,Heathfield,7.4,73.4,73.2,-1.15,105.8,5.6,23.2,15.6,3.3,4.9,26.0,14.2
00BDGE,E05000524,Kew,9.0,79.0,75.8,-1.79,71.4,2.7,17.9,11.9,1.6,2.1,10.0,8.3
00BDGF,E05000525,Mortlake and Barnes Common,6.7,74.9,75.2,-1.23,81.4,4.1,15.9,19.0,2.1,3.1,13.7,8.6
00BDGG,E05000526,North Richmond,9.4,78.9,75.9,-1.34,74.7,3.8,18.8,18.2,1.7,2.8,11.9,9.2
00BDGH,E05000527,St Margarets and North Twickenham,7.2,77.8,75.4,-1.97,58.0,2.1,15.5,8.7,1.4,1.4,7.0,7.6
00BDGJ,E05000528,South Richmond,7.3,64.6,76.1,-1.83,73.6,2.5,20.0,14.9,1.1,1.9,7.6,7.7
00BDGK,E05000529,South Twickenham,6.7,76.3,76.3,-1.74,75.4,2.5,16.1,12.2,1.6,1.6,5.1,9.0
00BDGL,E05000530,Teddington,6.2,74.1,75.6,-1.74,89.8,2.6,15.6,14.1,1.6,1.9,6.3,7.8
00BDGM,E05000531,Twickenham Riverside,9.2,74.1,76.7,-1.52,100.3,2.1,15.0,18.1,1.5,1.5,6.4,7.3
00BDGN,E05000532,West Twickenham,8.0,78.9,75.8,-1.47,84.3,3.3,16.8,16.1,2.0,2.6,12.7,10.7
00BDGP,E05000533,Whitton,4.8,76.6,72.5,-1.53,69.4,3.3,20.8,13.6,2.2,2.8,16.2,12.6
00BEGC,E05000534,Brunswick Park,6.3,65.9,74.3,0.32,83.2,8.7,13.1,35.0,6.4,8.4,34.1,15.5
00BEGD,E05000535,Camberwell Green,6.8,73.1,79.7,0.38,114.4,9.5,14.8,42.6,6.6,9.0,37.7,16.7
00BEGE,E05000536,Cathedrals,9.4,71.0,79.0,0.60,78.0,5.9,10.8,34.7,3.8,5.4,36.3,13.7
00BEGF,E05000537,Chaucer,6.9,76.2,81.0,0.18,54.7,4.2,11.2,30.0,3.3,4.8,36.4,15.0
00BEGG,E05000538,College,5.4,74.8,74.5,-0.19,123.7,6.1,12.7,29.6,4.1,6.5,26.4,10.7
00BEGH,E05000539,East Dulwich,11.4,80.1,76.5,-0.04,81.5,5.3,12.4,30.0,3.4,4.8,16.2,11.6
00BEGJ,E05000540,East Walworth,8.0,65.8,72.6,0.58,77.4,7.7,12.7,37.7,4.8,7.6,36.8,16.8
00BEGK,E05000541,Faraday,6.8,77.0,81.7,0.21,81.4,7.1,11.3,41.9,6.3,8.2,37.2,16.5
00BEGL,E05000542,Grange,6.8,57.5,73.4,0.60,116.2,6.8,12.2,36.3,4.3,7.0,38.4,13.2
00BEGM,E05000543,Livesey,5.6,67.5,77.4,0.40,90.3,9.1,14.7,42.8,7.6,10.4,42.4,15.6
00BEGN,E05000544,Newington,6.7,65.9,73.8,0.57,86.2,8.0,12.6,45.5,6.0,8.1,37.5,15.4
00BEGP,E05000545,Nunhead,7.8,72.8,74.6,0.61,200.0,11.2,10.6,67.3,7.3,10.8,35.5,15.3
00BEGQ,E05000546,Peckham,3.7,61.8,72.6,0.26,162.8,9.3,8.5,70.6,8.2,11.3,37.4,15.5
00BEGR,E05000547,Peckham Rye,10.7,72.4,74.2,-0.06,112.8,5.6,10.7,34.2,4.3,5.8,21.6,13.1
00BEGS,E05000548,Riverside,5.2,55.9,64.7,0.14,98.9,5.3,11.4,36.5,3.9,5.2,35.6,11.2
00BEGT,E05000549,Rotherhithe,4.7,59.3,69.3,0.58,119.0,5.4,9.2,45.7,3.8,6.2,36.8,11.4
00BEGU,E05000550,South Bermondsey,7.8,54.7,65.4,0.60,81.3,7.4,11.4,38.9,5.6,8.4,34.7,12.2
00BEGW,E05000551,South Camberwell,6.6,69.8,75.5,-0.02,76.5,5.0,10.8,31.7,4.2,5.5,26.5,13.8
00BEGX,E05000552,Surrey Docks,5.2,55.3,63.2,-0.01,64.3,3.6,12.0,26.3,3.1,3.6,25.2,5.7
00BEGY,E05000553,The Lane,7.8,74.1,75.9,0.38,90.6,7.9,13.9,41.7,5.9,8.1,32.8,13.9
00BEGZ,E05000554,Village,6.9,76.1,75.6,-0.50,101.4,3.3,12.4,21.7,2.3,3.1,8.3,9.1
00BFGC,E05000555,Beddington North,6.8,72.6,74.5,-0.64,103.2,3.6,18.0,17.7,2.8,2.4,11.5,13.7
00BFGD,E05000556,Beddington South,3.3,65.3,71.8,-0.20,82.5,7.3,21.4,17.6,3.7,7.1,29.6,14.5
00BFGE,E05000557,Belmont,3.8,63.6,71.0,-0.75,124.0,3.9,19.7,14.4,2.0,3.0,14.7,10.4
00BFGF,E05000558,Carshalton Central,8.0,77.0,75.1,-0.71,59.2,3.4,20.9,11.3,2.2,2.9,11.4,14.3
00BFGG,E05000559,Carshalton South and Clockhouse,4.8,70.9,73.6,-0.71,94.3,3.3,18.8,11.3,1.7,2.7,11.4,13.6
00BFGH,E05000560,Cheam,4.3,67.0,73.1,-1.21,102.0,2.8,25.6,9.8,1.7,1.9,7.3,13.4
00BFGJ,E05000561,Nonsuch,4.4,80.5,75.3,-1.02,68.5,2.5,24.0,11.6,1.7,1.3,8.1,14.8
00BFGK,E05000562,St Helier,13.1,58.3,76.4,0.10,98.5,7.5,13.9,36.9,4.7,7.6,30.7,17.3
00BFGL,E05000563,Stonecot,7.3,85.1,76.5,-0.66,108.8,3.1,19.4,12.2,2.1,1.9,11.4,15.2
00BFGM,E05000564,Sutton Central,9.7,72.5,74.6,-0.02,138.4,5.7,13.9,33.4,4.0,5.0,23.2,12.4
00BFGN,E05000565,Sutton North,6.7,75.7,75.1,-0.38,91.1,3.6,21.6,18.4,2.4,2.9,17.6,13.9
00BFGP,E05000566,Sutton South,7.1,73.7,73.1,-0.52,103.5,4.2,21.6,21.4,2.4,3.5,14.8,9.1
00BFGQ,E05000567,Sutton West,7.4,73.8,73.7,-0.66,105.7,3.4,18.4,16.7,2.4,2.3,11.3,10.3
00BFGR,E05000568,The Wrythe,8.2,75.7,75.0,-0.44,115.0,4.0,16.5,22.7,3.3,3.4,17.3,13.6
00BFGS,E05000569,Wallington North,7.8,76.9,74.9,-0.39,95.1,4.7,17.5,18.7,2.5,3.7,15.0,13.7
00BFGT,E05000570,Wallington South,8.2,75.7,74.3,-0.23,88.0,5.5,21.3,23.0,2.8,5.0,18.0,12.2
00BFGU,E05000571,Wandle Valley,9.0,64.1,73.5,-0.02,99.6,7.2,14.9,31.4,4.6,7.8,29.7,14.0
00BFGW,E05000572,Worcester Park,6.3,76.1,75.5,-0.76,83.0,2.6,16.3,15.5,1.9,2.4,14.6,12.6
00BGFW,E05000573,Bethnal Green North,5.0,61.8,75.2,0.87,107.9,8.7,9.1,70.5,6.5,8.7,54.4,14.5
00BGFX,E05000574,Bethnal Green South,4.0,60.3,73.2,0.88,66.6,7.7,9.2,50.4,6.1,7.5,55.9,14.8
00BGFY,E05000575,Blackwall and Cubitt Town,4.5,52.7,62.8,0.40,71.2,3.9,7.9,36.7,3.6,4.7,50.0,9.6
00BGFZ,E05000576,Bow East,5.0,59.4,66.9,0.76,134.5,9.2,12.4,51.2,7.3,9.9,55.0,11.5
00BGGA,E05000577,Bow West,5.7,65.4,76.8,0.77,119.8,7.4,11.1,55.5,6.2,7.6,46.1,12.7
00BGGB,E05000578,Bromley-by-Bow,5.1,61.8,68.1,0.85,78.2,7.3,9.3,47.4,7.4,8.7,55.8,15.2
00BGGC,E05000579,East India and Lansbury,4.8,75.3,76.6,0.90,121.0,11.4,12.3,53.1,9.9,13.1,59.0,15.4
00BGGD,E05000580,Limehouse,4.4,59.2,70.0,0.71,131.6,7.4,10.5,48.2,6.1,8.4,52.5,13.3
00BGGE,E05000581,Mile End and Globe Town,5.3,66.6,74.9,0.64,89.1,5.7,10.9,40.6,4.2,6.1,54.5,14.5
00BGGF,E05000582,Mile End East,4.2,66.9,75.7,0.87,88.8,7.1,7.1,71.2,7.4,8.1,54.8,14.7
00BGGG,E05000583,Millwall,5.6,59.8,64.7,0.14,74.4,3.7,7.6,38.0,3.0,3.9,46.0,7.3
00BGGH,E05000584,St Dunstan's and Stepney Green,4.8,65.2,75.2,0.83,154.7,9.5,11.0,66.0,7.3,9.3,53.7,14.5
00BGGJ,E05000585,St Katherine's and Wapping,6.0,60.2,68.9,0.31,80.5,5.2,10.1,32.6,3.4,4.2,38.1,8.0
00BGGK,E05000586,Shadwell,4.8,59.9,69.2,0.72,108.2,8.2,11.2,55.6,6.7,8.2,56.4,13.7
00BGGL,E05000587,Spitalfields and Banglatown,4.7,59.7,73.3,0.92,77.6,7.9,9.5,59.4,7.7,6.3,48.9,12.4
00BGGM,E05000588,Weavers,5.1,61.5,73.2,1.09,77.0,9.1,12.6,45.3,6.0,8.8,52.8,14.9
00BGGN,E05000589,Whitechapel,7.4,67.6,76.5,0.99,98.3,6.2,7.6,74.2,5.4,6.0,53.9,12.6
00BHFX,E05000590,Cann Hall,11.0,61.6,72.8,0.54,108.0,7.6,13.9,39.3,6.7,7.9,37.5,16.6
00BHFY,E05000591,Cathall,10.1,62.5,73.8,0.42,100.2,8.3,10.4,49.0,7.0,9.0,41.4,15.7
00BHFZ,E05000592,Chapel End,14.1,83.3,75.0,0.11,93.5,4.9,11.8,26.9,4.8,5.8,30.7,14.9
00BHGA,E05000593,Chingford Green,7.2,72.0,74.0,0.01,76.1,4.8,31.8,16.8,3.7,4.4,22.4,13.8
00BHGB,E05000594,Endlebury,4.8,75.2,74.1,-0.14,72.8,5.4,23.4,17.0,3.8,4.5,22.1,14.3
00BHGC,E05000595,Forest,13.4,84.6,76.2,0.42,90.9,6.4,14.3,33.0,4.8,5.8,26.1,16.8
00BHGD,E05000596,Grove Green,15.1,82.8,76.7,0.18,116.2,4.5,10.5,37.1,5.9,4.5,28.7,16.5
00BHGE,E05000597,Hale End and Highams Park,8.4,76.7,73.4,0.01,94.2,5.6,18.2,19.1,4.7,5.4,24.9,14.4
00BHGF,E05000598,Hatch Lane,8.9,61.4,73.3,0.43,93.7,8.0,24.0,23.0,4.5,7.4,30.2,16.0
00BHGG,E05000599,High Street,19.0,71.2,76.4,0.22,89.8,5.8,12.7,36.7,5.4,6.4,33.6,15.8
00BHGH,E05000600,Higham Hill,19.2,60.4,71.3,0.52,75.2,8.3,15.0,34.1,6.4,9.3,40.8,16.3
00BHGJ,E05000601,Hoe Street,14.4,66.4,73.7,0.54,128.8,7.4,14.0,43.0,7.5,7.6,34.8,14.2
00BHGK,E05000602,Larkswood,7.0,73.7,72.4,0.32,78.2,6.9,22.3,23.5,4.4,6.3,27.9,13.6
00BHGL,E05000603,Lea Bridge,14.6,80.8,74.9,0.45,188.1,7.3,11.5,46.2,7.6,7.6,34.3,18.1
00BHGM,E05000604,Leyton,11.4,75.9,75.4,0.34,83.7,7.9,10.2,45.0,6.7,8.4,41.9,16.9
00BHGN,E05000605,Leytonstone,12.5,77.2,75.8,0.40,74.1,6.0,13.9,27.2,4.8,5.2,24.5,14.2
00BHGP,E05000606,Markhouse,13.3,68.0,71.5,0.53,96.7,8.0,12.8,44.0,7.0,8.3,34.5,15.1
00BHGQ,E05000607,Valley,8.2,73.8,73.9,0.25,96.6,6.7,19.0,27.9,4.8,7.3,33.2,13.6
00BHGR,E05000608,William Morris,14.1,80.0,76.1,0.26,113.7,6.0,15.0,34.5,5.6,7.1,37.0,14.6
00BHGS,E05000609,Wood Street,15.1,73.3,74.8,0.46,87.0,8.0,15.4,32.7,5.4,8.5,34.3,15.6
00BJFZ,E05000610,Balham,7.2,70.0,76.4,0.01,83.3,3.4,10.7,25.4,2.2,2.5,10.3,8.2
00BJGA,E05000611,Bedford,15.0,61.1,75.0,0.21,115.1,4.1,9.4,39.6,2.7,3.5,19.8,11.0
00BJGB,E05000612,Earlsfield,8.9,63.5,76.4,0.48,67.1,4.4,11.4,28.4,2.7,3.9,27.3,9.9
00BJGC,E05000613,East Putney,7.3,71.9,76.0,-0.27,67.1,3.0,14.1,20.5,1.7,2.4,18.6,7.2
00BJGD,E05000614,Fairfield,6.9,64.5,73.9,-0.08,109.1,3.5,8.2,35.7,2.7,3.0,20.0,7.7
00BJGE,E05000615,Furzedown,10.1,68.9,76.7,0.42,108.9,5.4,12.5,37.0,4.7,5.7,29.7,12.2
00BJGF,E05000616,Graveney,10.7,72.8,77.6,0.38,80.1,5.0,12.1,35.5,3.9,5.4,34.2,11.9
00BJGG,E05000617,Latchmere,5.9,59.7,74.9,0.92,109.8,8.6,12.3,51.0,5.7,9.9,45.1,13.1
00BJGH,E05000618,Nightingale,8.4,73.3,76.9,0.20,153.2,3.9,11.5,28.4,2.4,3.1,12.5,8.3
00BJGJ,E05000619,Northcote,8.9,68.1,75.8,-0.14,73.1,2.8,7.7,32.6,2.1,1.9,7.2,8.0
00BJGK,E05000620,Queenstown,8.2,70.5,78.6,0.37,91.1,4.8,8.9,46.9,3.6,5.0,38.6,12.0
00BJGL,E05000621,Roehampton,3.7,68.0,76.2,0.72,107.3,9.6,16.4,38.8,4.6,10.0,40.4,14.6
00BJGM,E05000622,St Mary's Park,6.8,59.3,75.1,0.21,150.6,3.8,12.6,31.9,2.8,3.5,28.5,10.5
00BJGN,E05000623,Shaftesbury,10.8,62.9,77.1,0.26,105.1,4.5,10.7,30.8,2.6,3.6,19.4,9.0
00BJGP,E05000624,Southfields,8.3,74.7,76.7,-0.26,80.9,3.0,10.9,23.8,2.3,3.1,18.9,8.5
00BJGQ,E05000625,Thamesfield,8.6,74.2,77.4,-0.77,67.3,1.6,11.6,19.0,1.4,1.2,8.2,7.2
00BJGR,E05000626,Tooting,8.6,83.0,78.2,0.55,91.8,4.9,12.4,40.0,4.3,5.5,38.0,12.6
00BJGS,E05000627,Wandsworth Common,7.5,63.1,76.5,-0.02,148.7,3.3,10.2,23.6,1.8,2.5,9.9,9.9
00BJGT,E05000628,West Hill,5.6,65.5,75.9,0.20,169.2,4.5,11.2,33.3,3.0,4.5,31.2,9.8
00BJGU,E05000629,West Putney,4.1,62.6,73.2,-0.03,120.1,4.9,14.0,31.6,3.0,4.8,25.4,10.5
00BKGA,E05000630,Abbey Road,6.7,81.4,80.6,-1.15,63.1,3.8,17.8,18.5,1.6,3.2,17.5,8.6
00BKGB,E05000631,Bayswater,10.2,73.6,81.2,-0.21,73.1,6.6,14.9,27.6,3.0,5.2,24.6,11.7
00BKGC,E05000632,Bryanston and Dorset Square,13.8,77.9,80.5,-1.36,58.5,4.1,16.9,16.5,2.4,3.4,23.5,10.8
00BKGD,E05000633,Churchill,9.4,85.2,83.9,-0.01,130.8,9.5,17.2,30.3,4.4,9.6,49.1,14.5
00BKGE,E05000634,Church Street,9.9,69.4,78.0,0.46,151.6,15.1,12.2,76.5,6.6,15.8,60.2,15.4
00BKGF,E05000635,Harrow Road,9.2,60.0,77.2,0.71,75.2,13.0,17.7,40.0,7.9,12.6,51.6,17.3
00BKGG,E05000636,Hyde Park,10.9,76.6,79.9,-0.72,70.4,4.9,14.0,21.5,2.4,4.6,33.5,10.6
00BKGH,E05000637,Knightsbridge and Belgravia,8.0,81.0,82.1,-2.59,31.2,0.4,19.1,2.6,0.3,0.3,3.4,12.7
00BKGJ,E05000638,Lancaster Gate,12.6,77.4,80.0,-0.53,62.6,4.1,14.7,21.1,2.4,3.2,28.6,10.3
00BKGK,E05000639,Little Venice,9.7,77.9,80.1,-0.42,60.7,7.3,16.2,29.6,2.7,6.8,33.6,10.1
00BKGL,E05000640,Maida Vale,9.6,76.6,80.8,-0.65,60.5,6.8,18.9,21.1,3.5,6.5,41.4,11.3
00BKGM,E05000641,Marylebone High Street,11.8,73.3,79.5,-1.65,90.0,2.1,14.7,16.8,1.0,1.8,20.5,9.7
00BKGN,E05000642,Queen's Park,11.3,81.1,79.5,0.89,83.5,15.7,16.8,47.1,9.1,16.1,52.6,20.3
00BKGP,E05000643,Regent's Park,8.1,75.7,79.1,-1.17,90.3,4.8,18.6,29.1,1.7,4.4,32.0,9.6
00BKGQ,E05000644,St James's,16.0,61.0,74.2,-0.55,74.2,8.4,16.1,23.7,4.0,6.0,16.1,11.8
00BKGR,E05000645,Tachbrook,8.3,73.9,79.8,-0.38,99.8,4.6,18.8,26.0,2.1,3.3,26.3,9.0
00BKGS,E05000646,Vincent Square,8.9,75.5,81.5,-0.15,82.2,7.6,17.9,23.2,2.5,6.2,34.1,12.7
00BKGT,E05000647,Warwick,12.7,73.7,79.3,-0.19,70.6,6.4,16.2,27.9,2.8,5.3,31.6,13.1
00BKGU,E05000648,Westbourne,7.2,60.0,76.0,0.54,91.8,15.2,16.2,44.1,5.8,15.7,54.9,13.8
00BKGW,E05000649,West End,14.3,76.5,80.1,-0.92,77.0,5.7,18.5,20.3,2.1,4.3,18.5,13.6
,,,,,,,,,,,,,,
,,,,,,,,,,,,,,
,,,,,,,,,,,,,,
,,,,,,,,,,,,,,
,,,,,,,,,,,,,,
,,,,,,,,,,,,,,
,,,,,,,,,,,,,,
,,,,,,,,,,,,,,
,,,,,,,,,,,,,,
,,,,,,,,,,,,,,
,,,,,,,,,,,,,,
,,,,,,,,,,,,,,
,,,,,,,,,,,,,,
,,,,,,,,,,,,,,
,,,,,,,,,,,,,,
,,,,,,,,,,,,,,
,,,,,,,,,,,,,,
,,,,,,,,,,,,,,
,,,,,,,,,,,,,,
,,,,,,,,,,,,,,
,,,,,,,,,,,,,,
,,,,,,,,,,,,,,
,,,,,,,,,,,,,,
,,,,,,,,,,,,,,
,,,,,,,,,,,,,,
,,,,,,,,,,,,,,
,,,,,,,,,,,,,,
,,,,,,,,,,,,,,
,,,,,,,,,,,,,,
,,,,,,,,,,,,,,
,,,,,,,,,,,,,,
,,,,,,,,,,,,,,
,,,,,,,,,,,,,,
,,,,,,,,,,,,,,
,,,,,,,,,,,,,,
,,,,,,,,,,,,,,
,,,,,,,,,,,,,,
,,,,,,,,,,,,,,
,,,,,,,,,,,,,,
,,,,,,,,,,,,,,
,,,,,,,,,,,,,,
,,,,,,,,,,,,,,
,,,,,,,,,,,,,,
,,,,,,,,,,,,,,
,,,,,,,,,,,,,,
,,,,,,,,,,,,,,
,,,,,,,,,,,,,,
,,,,,,,,,,,,,,
,,,,,,,,,,,,,,
,,,,,,,,,,,,,,
,,,,,,,,,,,,,,
,,,,,,,,,,,,,,
,,,,,,,,,,,,,,
,,,,,,,,,,,,,,
